 08/04/2013 04:00:00 p.m. ; CORTOLIMA ; CORTOLIMA ; Automática ; 4.433181 ; -75.211139 ; 73 ; TOLIMA ; 73001 ; IBAGUÉ ; Fija ; 1 ; Humedad Relativa ; % ; 71 
 08/04/2013 05:00:00 p.m. ; CORTOLIMA ; CORTOLIMA ; Automática ; 4.433181 ; -75.211139 ; 73 ; TOLIMA ; 73001 ; IBAGUÉ ; Fija ; 1 ; Humedad Relativa ; % ; 71 
 08/04/2013 06:00:00 p.m. ; CORTOLIMA ; CORTOLIMA ; Automática ; 4.433181 ; -75.211139 ; 73 ; TOLIMA ; 73001 ; IBAGUÉ ; Fija ; 1 ; Humedad Relativa ; % ; 73 
 08/04/2013 07:00:00 p.m. ; CORTOLIMA ; CORTOLIMA ; Automática ; 4.433181 ; -75.211139 ; 73 ; TOLIMA ; 73001 ; IBAGUÉ ; Fija ; 1 ; Humedad Relativa ; % ; 77 
 08/04/2013 08:00:00 p.m. ; CORTOLIMA ; CORTOLIMA ; Automática ; 4.433181 ; -75.211139 ; 73 ; TOLIMA ; 73001 ; IBAGUÉ ; Fija ; 1 ; Humedad Relativa ; % ; 79 
 08/04/2013 09:00:00 p.m. ; CORTOLIMA ; CORTOLIMA ; Automática ; 4.433181 ; -75.211139 ; 73 ; TOLIMA ; 73001 ; IBAGUÉ ; Fija ; 1 ; Humedad Relativa ; % ; 78 
 08/04/2013 10:00:00 p.m. ; CORTOLIMA ; CORTOLIMA ; Automática ; 4.433181 ; -75.211139 ; 73 ; TOLIMA ; 73001 ; IBAGUÉ ; Fija ; 1 ; Humedad Relativa ; % ; 80 
 08/04/2013 11:00:00 p.m. ; CORTOLIMA ; CORTOLIMA ; Automática ; 4.433181 ; -75.211139 ; 73 ; TOLIMA ; 73001 ; IBAGUÉ ; Fija ; 1 ; Humedad Relativa ; % ; 89 
 09/04/2013 12:00:00 a.m. ; CORTOLIMA ; CORTOLIMA ; Automática ; 4.433181 ; -75.211139 ; 73 ; TOLIMA ; 73001 ; IBAGUÉ ; Fija ; 1 ; Humedad Relativa ; % ; 84 
 09/04/2013 01:00:00 a.m. ; CORTOLIMA ; CORTOLIMA ; Automática ; 4.433181 ; -75.211139 ; 73 ; TOLIMA ; 73001 ; IBAGUÉ ; Fija ; 1 ; Humedad Relativa ; % ; 84 
 09/04/2013 02:00:00 a.m. ; CORTOLIMA ; CORTOLIMA ; Automática ; 4.433181 ; -75.211139 ; 73 ; TOLIMA ; 73001 ; IBAGUÉ ; Fija ; 1 ; Humedad Relativa ; % ; 83 
 09/04/2013 03:00:00 a.m. ; CORTOLIMA ; CORTOLIMA ; Automática ; 4.433181 ; -75.211139 ; 73 ; TOLIMA ; 73001 ; IBAGUÉ ; Fija ; 1 ; Humedad Relativa ; % ; 76 
 09/04/2013 04:00:00 a.m. ; CORTOLIMA ; CORTOLIMA ; Automática ; 4.433181 ; -75.211139 ; 73 ; TOLIMA ; 73001 ; IBAGUÉ ; Fija ; 1 ; Humedad Relativa ; % ; 79 
 09/04/2013 05:00:00 a.m. ; CORTOLIMA ; CORTOLIMA ; Automática ; 4.433181 ; -75.211139 ; 73 ; TOLIMA ; 73001 ; IBAGUÉ ; Fija ; 1 ; Humedad Relativa ; % ; 81 
 09/04/2013 06:00:00 a.m. ; CORTOLIMA ; CORTOLIMA ; Automática ; 4.433181 ; -75.211139 ; 73 ; TOLIMA ; 73001 ; IBAGUÉ ; Fija ; 1 ; Humedad Relativa ; % ; 73 
 09/04/2013 07:00:00 a.m. ; CORTOLIMA ; CORTOLIMA ; Automática ; 4.433181 ; -75.211139 ; 73 ; TOLIMA ; 73001 ; IBAGUÉ ; Fija ; 1 ; Humedad Relativa ; % ; 66 
 09/04/2013 08:00:00 a.m. ; CORTOLIMA ; CORTOLIMA ; Automática ; 4.433181 ; -75.211139 ; 73 ; TOLIMA ; 73001 ; IBAGUÉ ; Fija ; 1 ; Humedad Relativa ; % ; 57 
 09/04/2013 09:00:00 a.m. ; CORTOLIMA ; CORTOLIMA ; Automática ; 4.433181 ; -75.211139 ; 73 ; TOLIMA ; 73001 ; IBAGUÉ ; Fija ; 1 ; Humedad Relativa ; % ; 61 
 09/04/2013 10:00:00 a.m. ; CORTOLIMA ; CORTOLIMA ; Automática ; 4.433181 ; -75.211139 ; 73 ; TOLIMA ; 73001 ; IBAGUÉ ; Fija ; 1 ; Humedad Relativa ; % ; 68 
 09/04/2013 11:00:00 a.m. ; CORTOLIMA ; CORTOLIMA ; Automática ; 4.433181 ; -75.211139 ; 73 ; TOLIMA ; 73001 ; IBAGUÉ ; Fija ; 1 ; Humedad Relativa ; % ; 64 
 09/04/2013 12:00:00 p.m. ; CORTOLIMA ; CORTOLIMA ; Automática ; 4.433181 ; -75.211139 ; 73 ; TOLIMA ; 73001 ; IBAGUÉ ; Fija ; 1 ; Humedad Relativa ; % ; 59 
 09/04/2013 01:00:00 p.m. ; CORTOLIMA ; CORTOLIMA ; Automática ; 4.433181 ; -75.211139 ; 73 ; TOLIMA ; 73001 ; IBAGUÉ ; Fija ; 1 ; Humedad Relativa ; % ; 56 
 09/04/2013 02:00:00 p.m. ; CORTOLIMA ; CORTOLIMA ; Automática ; 4.433181 ; -75.211139 ; 73 ; TOLIMA ; 73001 ; IBAGUÉ ; Fija ; 1 ; Humedad Relativa ; % ; 55 
 09/04/2013 03:00:00 p.m. ; CORTOLIMA ; CORTOLIMA ; Automática ; 4.433181 ; -75.211139 ; 73 ; TOLIMA ; 73001 ; IBAGUÉ ; Fija ; 1 ; Humedad Relativa ; % ; 53 
 09/04/2013 04:00:00 p.m. ; CORTOLIMA ; CORTOLIMA ; Automática ; 4.433181 ; -75.211139 ; 73 ; TOLIMA ; 73001 ; IBAGUÉ ; Fija ; 1 ; Humedad Relativa ; % ; 50 
 09/04/2013 05:00:00 p.m. ; CORTOLIMA ; CORTOLIMA ; Automática ; 4.433181 ; -75.211139 ; 73 ; TOLIMA ; 73001 ; IBAGUÉ ; Fija ; 1 ; Humedad Relativa ; % ; 62 
 09/04/2013 06:00:00 p.m. ; CORTOLIMA ; CORTOLIMA ; Automática ; 4.433181 ; -75.211139 ; 73 ; TOLIMA ; 73001 ; IBAGUÉ ; Fija ; 1 ; Humedad Relativa ; % ; 68 
 09/04/2013 07:00:00 p.m. ; CORTOLIMA ; CORTOLIMA ; Automática ; 4.433181 ; -75.211139 ; 73 ; TOLIMA ; 73001 ; IBAGUÉ ; Fija ; 1 ; Humedad Relativa ; % ; 70 
 09/04/2013 08:00:00 p.m. ; CORTOLIMA ; CORTOLIMA ; Automática ; 4.433181 ; -75.211139 ; 73 ; TOLIMA ; 73001 ; IBAGUÉ ; Fija ; 1 ; Humedad Relativa ; % ; 66 
 09/04/2013 09:00:00 p.m. ; CORTOLIMA ; CORTOLIMA ; Automática ; 4.433181 ; -75.211139 ; 73 ; TOLIMA ; 73001 ; IBAGUÉ ; Fija ; 1 ; Humedad Relativa ; % ; 67 
 09/04/2013 10:00:00 p.m. ; CORTOLIMA ; CORTOLIMA ; Automática ; 4.433181 ; -75.211139 ; 73 ; TOLIMA ; 73001 ; IBAGUÉ ; Fija ; 1 ; Humedad Relativa ; % ; 67 
 09/04/2013 11:00:00 p.m. ; CORTOLIMA ; CORTOLIMA ; Automática ; 4.433181 ; -75.211139 ; 73 ; TOLIMA ; 73001 ; IBAGUÉ ; Fija ; 1 ; Humedad Relativa ; % ; 65 
 10/04/2013 12:00:00 a.m. ; CORTOLIMA ; CORTOLIMA ; Automática ; 4.433181 ; -75.211139 ; 73 ; TOLIMA ; 73001 ; IBAGUÉ ; Fija ; 1 ; Humedad Relativa ; % ; 68 
 10/04/2013 01:00:00 a.m. ; CORTOLIMA ; CORTOLIMA ; Automática ; 4.433181 ; -75.211139 ; 73 ; TOLIMA ; 73001 ; IBAGUÉ ; Fija ; 1 ; Humedad Relativa ; % ; 69 
 10/04/2013 02:00:00 a.m. ; CORTOLIMA ; CORTOLIMA ; Automática ; 4.433181 ; -75.211139 ; 73 ; TOLIMA ; 73001 ; IBAGUÉ ; Fija ; 1 ; Humedad Relativa ; % ; 67 
 10/04/2013 03:00:00 a.m. ; CORTOLIMA ; CORTOLIMA ; Automática ; 4.433181 ; -75.211139 ; 73 ; TOLIMA ; 73001 ; IBAGUÉ ; Fija ; 1 ; Humedad Relativa ; % ; 68 
 10/04/2013 04:00:00 a.m. ; CORTOLIMA ; CORTOLIMA ; Automática ; 4.433181 ; -75.211139 ; 73 ; TOLIMA ; 73001 ; IBAGUÉ ; Fija ; 1 ; Humedad Relativa ; % ; 69 
 10/04/2013 05:00:00 a.m. ; CORTOLIMA ; CORTOLIMA ; Automática ; 4.433181 ; -75.211139 ; 73 ; TOLIMA ; 73001 ; IBAGUÉ ; Fija ; 1 ; Humedad Relativa ; % ; 67 
 10/04/2013 06:00:00 a.m. ; CORTOLIMA ; CORTOLIMA ; Automática ; 4.433181 ; -75.211139 ; 73 ; TOLIMA ; 73001 ; IBAGUÉ ; Fija ; 1 ; Humedad Relativa ; % ; 68 
 10/04/2013 07:00:00 a.m. ; CORTOLIMA ; CORTOLIMA ; Automática ; 4.433181 ; -75.211139 ; 73 ; TOLIMA ; 73001 ; IBAGUÉ ; Fija ; 1 ; Humedad Relativa ; % ; 74 
 10/04/2013 08:00:00 a.m. ; CORTOLIMA ; CORTOLIMA ; Automática ; 4.433181 ; -75.211139 ; 73 ; TOLIMA ; 73001 ; IBAGUÉ ; Fija ; 1 ; Humedad Relativa ; % ; 61 
 10/04/2013 09:00:00 a.m. ; CORTOLIMA ; CORTOLIMA ; Automática ; 4.433181 ; -75.211139 ; 73 ; TOLIMA ; 73001 ; IBAGUÉ ; Fija ; 1 ; Humedad Relativa ; % ; 71 
 10/04/2013 10:00:00 a.m. ; CORTOLIMA ; CORTOLIMA ; Automática ; 4.433181 ; -75.211139 ; 73 ; TOLIMA ; 73001 ; IBAGUÉ ; Fija ; 1 ; Humedad Relativa ; % ; 76 
 10/04/2013 11:00:00 a.m. ; CORTOLIMA ; CORTOLIMA ; Automática ; 4.433181 ; -75.211139 ; 73 ; TOLIMA ; 73001 ; IBAGUÉ ; Fija ; 1 ; Humedad Relativa ; % ; 72 
 10/04/2013 12:00:00 p.m. ; CORTOLIMA ; CORTOLIMA ; Automática ; 4.433181 ; -75.211139 ; 73 ; TOLIMA ; 73001 ; IBAGUÉ ; Fija ; 1 ; Humedad Relativa ; % ; 76 
 10/04/2013 01:00:00 p.m. ; CORTOLIMA ; CORTOLIMA ; Automática ; 4.433181 ; -75.211139 ; 73 ; TOLIMA ; 73001 ; IBAGUÉ ; Fija ; 1 ; Humedad Relativa ; % ; 64 
 10/04/2013 02:00:00 p.m. ; CORTOLIMA ; CORTOLIMA ; Automática ; 4.433181 ; -75.211139 ; 73 ; TOLIMA ; 73001 ; IBAGUÉ ; Fija ; 1 ; Humedad Relativa ; % ; 57 
 10/04/2013 03:00:00 p.m. ; CORTOLIMA ; CORTOLIMA ; Automática ; 4.433181 ; -75.211139 ; 73 ; TOLIMA ; 73001 ; IBAGUÉ ; Fija ; 1 ; Humedad Relativa ; % ; 57 
 10/04/2013 04:00:00 p.m. ; CORTOLIMA ; CORTOLIMA ; Automática ; 4.433181 ; -75.211139 ; 73 ; TOLIMA ; 73001 ; IBAGUÉ ; Fija ; 1 ; Humedad Relativa ; % ; 62 
 10/04/2013 05:00:00 p.m. ; CORTOLIMA ; CORTOLIMA ; Automática ; 4.433181 ; -75.211139 ; 73 ; TOLIMA ; 73001 ; IBAGUÉ ; Fija ; 1 ; Humedad Relativa ; % ; 64 
 10/04/2013 06:00:00 p.m. ; CORTOLIMA ; CORTOLIMA ; Automática ; 4.433181 ; -75.211139 ; 73 ; TOLIMA ; 73001 ; IBAGUÉ ; Fija ; 1 ; Humedad Relativa ; % ; 74 
 10/04/2013 07:00:00 p.m. ; CORTOLIMA ; CORTOLIMA ; Automática ; 4.433181 ; -75.211139 ; 73 ; TOLIMA ; 73001 ; IBAGUÉ ; Fija ; 1 ; Humedad Relativa ; % ; 83 
 10/04/2013 08:00:00 p.m. ; CORTOLIMA ; CORTOLIMA ; Automática ; 4.433181 ; -75.211139 ; 73 ; TOLIMA ; 73001 ; IBAGUÉ ; Fija ; 1 ; Humedad Relativa ; % ; 83 
 10/04/2013 09:00:00 p.m. ; CORTOLIMA ; CORTOLIMA ; Automática ; 4.433181 ; -75.211139 ; 73 ; TOLIMA ; 73001 ; IBAGUÉ ; Fija ; 1 ; Humedad Relativa ; % ; 82 
 10/04/2013 10:00:00 p.m. ; CORTOLIMA ; CORTOLIMA ; Automática ; 4.433181 ; -75.211139 ; 73 ; TOLIMA ; 73001 ; IBAGUÉ ; Fija ; 1 ; Humedad Relativa ; % ; 81 
 10/04/2013 11:00:00 p.m. ; CORTOLIMA ; CORTOLIMA ; Automática ; 4.433181 ; -75.211139 ; 73 ; TOLIMA ; 73001 ; IBAGUÉ ; Fija ; 1 ; Humedad Relativa ; % ; 79 
 11/04/2013 12:00:00 a.m. ; CORTOLIMA ; CORTOLIMA ; Automática ; 4.433181 ; -75.211139 ; 73 ; TOLIMA ; 73001 ; IBAGUÉ ; Fija ; 1 ; Humedad Relativa ; % ; 82 
 11/04/2013 01:00:00 a.m. ; CORTOLIMA ; CORTOLIMA ; Automática ; 4.433181 ; -75.211139 ; 73 ; TOLIMA ; 73001 ; IBAGUÉ ; Fija ; 1 ; Humedad Relativa ; % ; 77 
 11/04/2013 02:00:00 a.m. ; CORTOLIMA ; CORTOLIMA ; Automática ; 4.433181 ; -75.211139 ; 73 ; TOLIMA ; 73001 ; IBAGUÉ ; Fija ; 1 ; Humedad Relativa ; % ; 77 
 11/04/2013 03:00:00 a.m. ; CORTOLIMA ; CORTOLIMA ; Automática ; 4.433181 ; -75.211139 ; 73 ; TOLIMA ; 73001 ; IBAGUÉ ; Fija ; 1 ; Humedad Relativa ; % ; 74 
 11/04/2013 04:00:00 a.m. ; CORTOLIMA ; CORTOLIMA ; Automática ; 4.433181 ; -75.211139 ; 73 ; TOLIMA ; 73001 ; IBAGUÉ ; Fija ; 1 ; Humedad Relativa ; % ; 77 
 11/04/2013 05:00:00 a.m. ; CORTOLIMA ; CORTOLIMA ; Automática ; 4.433181 ; -75.211139 ; 73 ; TOLIMA ; 73001 ; IBAGUÉ ; Fija ; 1 ; Humedad Relativa ; % ; 75 
 11/04/2013 06:00:00 a.m. ; CORTOLIMA ; CORTOLIMA ; Automática ; 4.433181 ; -75.211139 ; 73 ; TOLIMA ; 73001 ; IBAGUÉ ; Fija ; 1 ; Humedad Relativa ; % ; 78 
 11/04/2013 07:00:00 a.m. ; CORTOLIMA ; CORTOLIMA ; Automática ; 4.433181 ; -75.211139 ; 73 ; TOLIMA ; 73001 ; IBAGUÉ ; Fija ; 1 ; Humedad Relativa ; % ; 74 
 11/04/2013 08:00:00 a.m. ; CORTOLIMA ; CORTOLIMA ; Automática ; 4.433181 ; -75.211139 ; 73 ; TOLIMA ; 73001 ; IBAGUÉ ; Fija ; 1 ; Humedad Relativa ; % ; 69 
 11/04/2013 09:00:00 a.m. ; CORTOLIMA ; CORTOLIMA ; Automática ; 4.433181 ; -75.211139 ; 73 ; TOLIMA ; 73001 ; IBAGUÉ ; Fija ; 1 ; Humedad Relativa ; % ; 73 
 11/04/2013 10:00:00 a.m. ; CORTOLIMA ; CORTOLIMA ; Automática ; 4.433181 ; -75.211139 ; 73 ; TOLIMA ; 73001 ; IBAGUÉ ; Fija ; 1 ; Humedad Relativa ; % ; 69 
 11/04/2013 11:00:00 a.m. ; CORTOLIMA ; CORTOLIMA ; Automática ; 4.433181 ; -75.211139 ; 73 ; TOLIMA ; 73001 ; IBAGUÉ ; Fija ; 1 ; Humedad Relativa ; % ; 67 
 11/04/2013 12:00:00 p.m. ; CORTOLIMA ; CORTOLIMA ; Automática ; 4.433181 ; -75.211139 ; 73 ; TOLIMA ; 73001 ; IBAGUÉ ; Fija ; 1 ; Humedad Relativa ; % ; 70 
 11/04/2013 01:00:00 p.m. ; CORTOLIMA ; CORTOLIMA ; Automática ; 4.433181 ; -75.211139 ; 73 ; TOLIMA ; 73001 ; IBAGUÉ ; Fija ; 1 ; Humedad Relativa ; % ; 60 
 11/04/2013 02:00:00 p.m. ; CORTOLIMA ; CORTOLIMA ; Automática ; 4.433181 ; -75.211139 ; 73 ; TOLIMA ; 73001 ; IBAGUÉ ; Fija ; 1 ; Humedad Relativa ; % ; 50 
 11/04/2013 03:00:00 p.m. ; CORTOLIMA ; CORTOLIMA ; Automática ; 4.433181 ; -75.211139 ; 73 ; TOLIMA ; 73001 ; IBAGUÉ ; Fija ; 1 ; Humedad Relativa ; % ; 49 
 11/04/2013 04:00:00 p.m. ; CORTOLIMA ; CORTOLIMA ; Automática ; 4.433181 ; -75.211139 ; 73 ; TOLIMA ; 73001 ; IBAGUÉ ; Fija ; 1 ; Humedad Relativa ; % ; 48 
 11/04/2013 05:00:00 p.m. ; CORTOLIMA ; CORTOLIMA ; Automática ; 4.433181 ; -75.211139 ; 73 ; TOLIMA ; 73001 ; IBAGUÉ ; Fija ; 1 ; Humedad Relativa ; % ; 56 
 11/04/2013 06:00:00 p.m. ; CORTOLIMA ; CORTOLIMA ; Automática ; 4.433181 ; -75.211139 ; 73 ; TOLIMA ; 73001 ; IBAGUÉ ; Fija ; 1 ; Humedad Relativa ; % ; 66 
 11/04/2013 07:00:00 p.m. ; CORTOLIMA ; CORTOLIMA ; Automática ; 4.433181 ; -75.211139 ; 73 ; TOLIMA ; 73001 ; IBAGUÉ ; Fija ; 1 ; Humedad Relativa ; % ; 69 
 11/04/2013 08:00:00 p.m. ; CORTOLIMA ; CORTOLIMA ; Automática ; 4.433181 ; -75.211139 ; 73 ; TOLIMA ; 73001 ; IBAGUÉ ; Fija ; 1 ; Humedad Relativa ; % ; 70 
 11/04/2013 09:00:00 p.m. ; CORTOLIMA ; CORTOLIMA ; Automática ; 4.433181 ; -75.211139 ; 73 ; TOLIMA ; 73001 ; IBAGUÉ ; Fija ; 1 ; Humedad Relativa ; % ; 68 
 11/04/2013 10:00:00 p.m. ; CORTOLIMA ; CORTOLIMA ; Automática ; 4.433181 ; -75.211139 ; 73 ; TOLIMA ; 73001 ; IBAGUÉ ; Fija ; 1 ; Humedad Relativa ; % ; 64 
 11/04/2013 11:00:00 p.m. ; CORTOLIMA ; CORTOLIMA ; Automática ; 4.433181 ; -75.211139 ; 73 ; TOLIMA ; 73001 ; IBAGUÉ ; Fija ; 1 ; Humedad Relativa ; % ; 66 
 12/04/2013 12:00:00 a.m. ; CORTOLIMA ; CORTOLIMA ; Automática ; 4.433181 ; -75.211139 ; 73 ; TOLIMA ; 73001 ; IBAGUÉ ; Fija ; 1 ; Humedad Relativa ; % ; 64 
 12/04/2013 01:00:00 a.m. ; CORTOLIMA ; CORTOLIMA ; Automática ; 4.433181 ; -75.211139 ; 73 ; TOLIMA ; 73001 ; IBAGUÉ ; Fija ; 1 ; Humedad Relativa ; % ; 68 
 12/04/2013 02:00:00 a.m. ; CORTOLIMA ; CORTOLIMA ; Automática ; 4.433181 ; -75.211139 ; 73 ; TOLIMA ; 73001 ; IBAGUÉ ; Fija ; 1 ; Humedad Relativa ; % ; 70 
 12/04/2013 03:00:00 a.m. ; CORTOLIMA ; CORTOLIMA ; Automática ; 4.433181 ; -75.211139 ; 73 ; TOLIMA ; 73001 ; IBAGUÉ ; Fija ; 1 ; Humedad Relativa ; % ; 65 
 12/04/2013 04:00:00 a.m. ; CORTOLIMA ; CORTOLIMA ; Automática ; 4.433181 ; -75.211139 ; 73 ; TOLIMA ; 73001 ; IBAGUÉ ; Fija ; 1 ; Humedad Relativa ; % ; 61 
 12/04/2013 05:00:00 a.m. ; CORTOLIMA ; CORTOLIMA ; Automática ; 4.433181 ; -75.211139 ; 73 ; TOLIMA ; 73001 ; IBAGUÉ ; Fija ; 1 ; Humedad Relativa ; % ; 60 
 12/04/2013 06:00:00 a.m. ; CORTOLIMA ; CORTOLIMA ; Automática ; 4.433181 ; -75.211139 ; 73 ; TOLIMA ; 73001 ; IBAGUÉ ; Fija ; 1 ; Humedad Relativa ; % ; 60 
 12/04/2013 07:00:00 a.m. ; CORTOLIMA ; CORTOLIMA ; Automática ; 4.433181 ; -75.211139 ; 73 ; TOLIMA ; 73001 ; IBAGUÉ ; Fija ; 1 ; Humedad Relativa ; % ; 66 
 12/04/2013 08:00:00 a.m. ; CORTOLIMA ; CORTOLIMA ; Automática ; 4.433181 ; -75.211139 ; 73 ; TOLIMA ; 73001 ; IBAGUÉ ; Fija ; 1 ; Humedad Relativa ; % ; 71 
 12/04/2013 09:00:00 a.m. ; CORTOLIMA ; CORTOLIMA ; Automática ; 4.433181 ; -75.211139 ; 73 ; TOLIMA ; 73001 ; IBAGUÉ ; Fija ; 1 ; Humedad Relativa ; % ; 69 
 12/04/2013 10:00:00 a.m. ; CORTOLIMA ; CORTOLIMA ; Automática ; 4.433181 ; -75.211139 ; 73 ; TOLIMA ; 73001 ; IBAGUÉ ; Fija ; 1 ; Humedad Relativa ; % ; 66 
 12/04/2013 11:00:00 a.m. ; CORTOLIMA ; CORTOLIMA ; Automática ; 4.433181 ; -75.211139 ; 73 ; TOLIMA ; 73001 ; IBAGUÉ ; Fija ; 1 ; Humedad Relativa ; % ; 64 
 12/04/2013 12:00:00 p.m. ; CORTOLIMA ; CORTOLIMA ; Automática ; 4.433181 ; -75.211139 ; 73 ; TOLIMA ; 73001 ; IBAGUÉ ; Fija ; 1 ; Humedad Relativa ; % ; 65 
 12/04/2013 01:00:00 p.m. ; CORTOLIMA ; CORTOLIMA ; Automática ; 4.433181 ; -75.211139 ; 73 ; TOLIMA ; 73001 ; IBAGUÉ ; Fija ; 1 ; Humedad Relativa ; % ; 55 
 12/04/2013 02:00:00 p.m. ; CORTOLIMA ; CORTOLIMA ; Automática ; 4.433181 ; -75.211139 ; 73 ; TOLIMA ; 73001 ; IBAGUÉ ; Fija ; 1 ; Humedad Relativa ; % ; 56 
 12/04/2013 03:00:00 p.m. ; CORTOLIMA ; CORTOLIMA ; Automática ; 4.433181 ; -75.211139 ; 73 ; TOLIMA ; 73001 ; IBAGUÉ ; Fija ; 1 ; Humedad Relativa ; % ; 59 
 12/04/2013 04:00:00 p.m. ; CORTOLIMA ; CORTOLIMA ; Automática ; 4.433181 ; -75.211139 ; 73 ; TOLIMA ; 73001 ; IBAGUÉ ; Fija ; 1 ; Humedad Relativa ; % ; 57 
 12/04/2013 05:00:00 p.m. ; CORTOLIMA ; CORTOLIMA ; Automática ; 4.433181 ; -75.211139 ; 73 ; TOLIMA ; 73001 ; IBAGUÉ ; Fija ; 1 ; Humedad Relativa ; % ; 61 
 12/04/2013 06:00:00 p.m. ; CORTOLIMA ; CORTOLIMA ; Automática ; 4.433181 ; -75.211139 ; 73 ; TOLIMA ; 73001 ; IBAGUÉ ; Fija ; 1 ; Humedad Relativa ; % ; 69 
 12/04/2013 07:00:00 p.m. ; CORTOLIMA ; CORTOLIMA ; Automática ; 4.433181 ; -75.211139 ; 73 ; TOLIMA ; 73001 ; IBAGUÉ ; Fija ; 1 ; Humedad Relativa ; % ; 71 
 12/04/2013 08:00:00 p.m. ; CORTOLIMA ; CORTOLIMA ; Automática ; 4.433181 ; -75.211139 ; 73 ; TOLIMA ; 73001 ; IBAGUÉ ; Fija ; 1 ; Humedad Relativa ; % ; 72 
 12/04/2013 09:00:00 p.m. ; CORTOLIMA ; CORTOLIMA ; Automática ; 4.433181 ; -75.211139 ; 73 ; TOLIMA ; 73001 ; IBAGUÉ ; Fija ; 1 ; Humedad Relativa ; % ; 70 
 12/04/2013 10:00:00 p.m. ; CORTOLIMA ; CORTOLIMA ; Automática ; 4.433181 ; -75.211139 ; 73 ; TOLIMA ; 73001 ; IBAGUÉ ; Fija ; 1 ; Humedad Relativa ; % ; 64 
 12/04/2013 11:00:00 p.m. ; CORTOLIMA ; CORTOLIMA ; Automática ; 4.433181 ; -75.211139 ; 73 ; TOLIMA ; 73001 ; IBAGUÉ ; Fija ; 1 ; Humedad Relativa ; % ; 66 
 13/04/2013 12:00:00 a.m. ; CORTOLIMA ; CORTOLIMA ; Automática ; 4.433181 ; -75.211139 ; 73 ; TOLIMA ; 73001 ; IBAGUÉ ; Fija ; 1 ; Humedad Relativa ; % ; 65 
 13/04/2013 01:00:00 a.m. ; CORTOLIMA ; CORTOLIMA ; Automática ; 4.433181 ; -75.211139 ; 73 ; TOLIMA ; 73001 ; IBAGUÉ ; Fija ; 1 ; Humedad Relativa ; % ; 68 
 13/04/2013 02:00:00 a.m. ; CORTOLIMA ; CORTOLIMA ; Automática ; 4.433181 ; -75.211139 ; 73 ; TOLIMA ; 73001 ; IBAGUÉ ; Fija ; 1 ; Humedad Relativa ; % ; 71 
 13/04/2013 03:00:00 a.m. ; CORTOLIMA ; CORTOLIMA ; Automática ; 4.433181 ; -75.211139 ; 73 ; TOLIMA ; 73001 ; IBAGUÉ ; Fija ; 1 ; Humedad Relativa ; % ; 70 
 13/04/2013 04:00:00 a.m. ; CORTOLIMA ; CORTOLIMA ; Automática ; 4.433181 ; -75.211139 ; 73 ; TOLIMA ; 73001 ; IBAGUÉ ; Fija ; 1 ; Humedad Relativa ; % ; 70 
 13/04/2013 05:00:00 a.m. ; CORTOLIMA ; CORTOLIMA ; Automática ; 4.433181 ; -75.211139 ; 73 ; TOLIMA ; 73001 ; IBAGUÉ ; Fija ; 1 ; Humedad Relativa ; % ; 72 
 13/04/2013 06:00:00 a.m. ; CORTOLIMA ; CORTOLIMA ; Automática ; 4.433181 ; -75.211139 ; 73 ; TOLIMA ; 73001 ; IBAGUÉ ; Fija ; 1 ; Humedad Relativa ; % ; 71 
 13/04/2013 07:00:00 a.m. ; CORTOLIMA ; CORTOLIMA ; Automática ; 4.433181 ; -75.211139 ; 73 ; TOLIMA ; 73001 ; IBAGUÉ ; Fija ; 1 ; Humedad Relativa ; % ; 68 
 13/04/2013 08:00:00 a.m. ; CORTOLIMA ; CORTOLIMA ; Automática ; 4.433181 ; -75.211139 ; 73 ; TOLIMA ; 73001 ; IBAGUÉ ; Fija ; 1 ; Humedad Relativa ; % ; 57 
 13/04/2013 09:00:00 a.m. ; CORTOLIMA ; CORTOLIMA ; Automática ; 4.433181 ; -75.211139 ; 73 ; TOLIMA ; 73001 ; IBAGUÉ ; Fija ; 1 ; Humedad Relativa ; % ; 58 
 13/04/2013 10:00:00 a.m. ; CORTOLIMA ; CORTOLIMA ; Automática ; 4.433181 ; -75.211139 ; 73 ; TOLIMA ; 73001 ; IBAGUÉ ; Fija ; 1 ; Humedad Relativa ; % ; 59 
 13/04/2013 11:00:00 a.m. ; CORTOLIMA ; CORTOLIMA ; Automática ; 4.433181 ; -75.211139 ; 73 ; TOLIMA ; 73001 ; IBAGUÉ ; Fija ; 1 ; Humedad Relativa ; % ; 58 
 13/04/2013 12:00:00 p.m. ; CORTOLIMA ; CORTOLIMA ; Automática ; 4.433181 ; -75.211139 ; 73 ; TOLIMA ; 73001 ; IBAGUÉ ; Fija ; 1 ; Humedad Relativa ; % ; 51 
 13/04/2013 01:00:00 p.m. ; CORTOLIMA ; CORTOLIMA ; Automática ; 4.433181 ; -75.211139 ; 73 ; TOLIMA ; 73001 ; IBAGUÉ ; Fija ; 1 ; Humedad Relativa ; % ; 43 
 13/04/2013 02:00:00 p.m. ; CORTOLIMA ; CORTOLIMA ; Automática ; 4.433181 ; -75.211139 ; 73 ; TOLIMA ; 73001 ; IBAGUÉ ; Fija ; 1 ; Humedad Relativa ; % ; 44 
 13/04/2013 03:00:00 p.m. ; CORTOLIMA ; CORTOLIMA ; Automática ; 4.433181 ; -75.211139 ; 73 ; TOLIMA ; 73001 ; IBAGUÉ ; Fija ; 1 ; Humedad Relativa ; % ; 45 
 13/04/2013 04:00:00 p.m. ; CORTOLIMA ; CORTOLIMA ; Automática ; 4.433181 ; -75.211139 ; 73 ; TOLIMA ; 73001 ; IBAGUÉ ; Fija ; 1 ; Humedad Relativa ; % ; 44 
 13/04/2013 05:00:00 p.m. ; CORTOLIMA ; CORTOLIMA ; Automática ; 4.433181 ; -75.211139 ; 73 ; TOLIMA ; 73001 ; IBAGUÉ ; Fija ; 1 ; Humedad Relativa ; % ; 48 
 13/04/2013 06:00:00 p.m. ; CORTOLIMA ; CORTOLIMA ; Automática ; 4.433181 ; -75.211139 ; 73 ; TOLIMA ; 73001 ; IBAGUÉ ; Fija ; 1 ; Humedad Relativa ; % ; 54 
 13/04/2013 07:00:00 p.m. ; CORTOLIMA ; CORTOLIMA ; Automática ; 4.433181 ; -75.211139 ; 73 ; TOLIMA ; 73001 ; IBAGUÉ ; Fija ; 1 ; Humedad Relativa ; % ; 57 
 13/04/2013 08:00:00 p.m. ; CORTOLIMA ; CORTOLIMA ; Automática ; 4.433181 ; -75.211139 ; 73 ; TOLIMA ; 73001 ; IBAGUÉ ; Fija ; 1 ; Humedad Relativa ; % ; 62 
 13/04/2013 09:00:00 p.m. ; CORTOLIMA ; CORTOLIMA ; Automática ; 4.433181 ; -75.211139 ; 73 ; TOLIMA ; 73001 ; IBAGUÉ ; Fija ; 1 ; Humedad Relativa ; % ; 63 
 13/04/2013 10:00:00 p.m. ; CORTOLIMA ; CORTOLIMA ; Automática ; 4.433181 ; -75.211139 ; 73 ; TOLIMA ; 73001 ; IBAGUÉ ; Fija ; 1 ; Humedad Relativa ; % ; 63 
 13/04/2013 11:00:00 p.m. ; CORTOLIMA ; CORTOLIMA ; Automática ; 4.433181 ; -75.211139 ; 73 ; TOLIMA ; 73001 ; IBAGUÉ ; Fija ; 1 ; Humedad Relativa ; % ; 66 
 14/04/2013 12:00:00 a.m. ; CORTOLIMA ; CORTOLIMA ; Automática ; 4.433181 ; -75.211139 ; 73 ; TOLIMA ; 73001 ; IBAGUÉ ; Fija ; 1 ; Humedad Relativa ; % ; 63 
 14/04/2013 01:00:00 a.m. ; CORTOLIMA ; CORTOLIMA ; Automática ; 4.433181 ; -75.211139 ; 73 ; TOLIMA ; 73001 ; IBAGUÉ ; Fija ; 1 ; Humedad Relativa ; % ; 67 
 14/04/2013 02:00:00 a.m. ; CORTOLIMA ; CORTOLIMA ; Automática ; 4.433181 ; -75.211139 ; 73 ; TOLIMA ; 73001 ; IBAGUÉ ; Fija ; 1 ; Humedad Relativa ; % ; 66 
 14/04/2013 03:00:00 a.m. ; CORTOLIMA ; CORTOLIMA ; Automática ; 4.433181 ; -75.211139 ; 73 ; TOLIMA ; 73001 ; IBAGUÉ ; Fija ; 1 ; Humedad Relativa ; % ; 65 
 14/04/2013 04:00:00 a.m. ; CORTOLIMA ; CORTOLIMA ; Automática ; 4.433181 ; -75.211139 ; 73 ; TOLIMA ; 73001 ; IBAGUÉ ; Fija ; 1 ; Humedad Relativa ; % ; 65 
 14/04/2013 05:00:00 a.m. ; CORTOLIMA ; CORTOLIMA ; Automática ; 4.433181 ; -75.211139 ; 73 ; TOLIMA ; 73001 ; IBAGUÉ ; Fija ; 1 ; Humedad Relativa ; % ; 66 
 14/04/2013 06:00:00 a.m. ; CORTOLIMA ; CORTOLIMA ; Automática ; 4.433181 ; -75.211139 ; 73 ; TOLIMA ; 73001 ; IBAGUÉ ; Fija ; 1 ; Humedad Relativa ; % ; 65 
 14/04/2013 07:00:00 a.m. ; CORTOLIMA ; CORTOLIMA ; Automática ; 4.433181 ; -75.211139 ; 73 ; TOLIMA ; 73001 ; IBAGUÉ ; Fija ; 1 ; Humedad Relativa ; % ; 66 
 14/04/2013 08:00:00 a.m. ; CORTOLIMA ; CORTOLIMA ; Automática ; 4.433181 ; -75.211139 ; 73 ; TOLIMA ; 73001 ; IBAGUÉ ; Fija ; 1 ; Humedad Relativa ; % ; 64 
 14/04/2013 09:00:00 a.m. ; CORTOLIMA ; CORTOLIMA ; Automática ; 4.433181 ; -75.211139 ; 73 ; TOLIMA ; 73001 ; IBAGUÉ ; Fija ; 1 ; Humedad Relativa ; % ; 72 
 14/04/2013 10:00:00 a.m. ; CORTOLIMA ; CORTOLIMA ; Automática ; 4.433181 ; -75.211139 ; 73 ; TOLIMA ; 73001 ; IBAGUÉ ; Fija ; 1 ; Humedad Relativa ; % ; 77 
 14/04/2013 11:00:00 a.m. ; CORTOLIMA ; CORTOLIMA ; Automática ; 4.433181 ; -75.211139 ; 73 ; TOLIMA ; 73001 ; IBAGUÉ ; Fija ; 1 ; Humedad Relativa ; % ; 65 
 14/04/2013 12:00:00 p.m. ; CORTOLIMA ; CORTOLIMA ; Automática ; 4.433181 ; -75.211139 ; 73 ; TOLIMA ; 73001 ; IBAGUÉ ; Fija ; 1 ; Humedad Relativa ; % ; 57 
 14/04/2013 01:00:00 p.m. ; CORTOLIMA ; CORTOLIMA ; Automática ; 4.433181 ; -75.211139 ; 73 ; TOLIMA ; 73001 ; IBAGUÉ ; Fija ; 1 ; Humedad Relativa ; % ; 59 
 14/04/2013 02:00:00 p.m. ; CORTOLIMA ; CORTOLIMA ; Automática ; 4.433181 ; -75.211139 ; 73 ; TOLIMA ; 73001 ; IBAGUÉ ; Fija ; 1 ; Humedad Relativa ; % ; 64 
 14/04/2013 03:00:00 p.m. ; CORTOLIMA ; CORTOLIMA ; Automática ; 4.433181 ; -75.211139 ; 73 ; TOLIMA ; 73001 ; IBAGUÉ ; Fija ; 1 ; Humedad Relativa ; % ; 73 
 14/04/2013 04:00:00 p.m. ; CORTOLIMA ; CORTOLIMA ; Automática ; 4.433181 ; -75.211139 ; 73 ; TOLIMA ; 73001 ; IBAGUÉ ; Fija ; 1 ; Humedad Relativa ; % ; 68 
 14/04/2013 05:00:00 p.m. ; CORTOLIMA ; CORTOLIMA ; Automática ; 4.433181 ; -75.211139 ; 73 ; TOLIMA ; 73001 ; IBAGUÉ ; Fija ; 1 ; Humedad Relativa ; % ; 68 
 14/04/2013 06:00:00 p.m. ; CORTOLIMA ; CORTOLIMA ; Automática ; 4.433181 ; -75.211139 ; 73 ; TOLIMA ; 73001 ; IBAGUÉ ; Fija ; 1 ; Humedad Relativa ; % ; 71 
 14/04/2013 07:00:00 p.m. ; CORTOLIMA ; CORTOLIMA ; Automática ; 4.433181 ; -75.211139 ; 73 ; TOLIMA ; 73001 ; IBAGUÉ ; Fija ; 1 ; Humedad Relativa ; % ; 75 
 14/04/2013 08:00:00 p.m. ; CORTOLIMA ; CORTOLIMA ; Automática ; 4.433181 ; -75.211139 ; 73 ; TOLIMA ; 73001 ; IBAGUÉ ; Fija ; 1 ; Humedad Relativa ; % ; 78 
 14/04/2013 09:00:00 p.m. ; CORTOLIMA ; CORTOLIMA ; Automática ; 4.433181 ; -75.211139 ; 73 ; TOLIMA ; 73001 ; IBAGUÉ ; Fija ; 1 ; Humedad Relativa ; % ; 79 
 14/04/2013 10:00:00 p.m. ; CORTOLIMA ; CORTOLIMA ; Automática ; 4.433181 ; -75.211139 ; 73 ; TOLIMA ; 73001 ; IBAGUÉ ; Fija ; 1 ; Humedad Relativa ; % ; 80 
 14/04/2013 11:00:00 p.m. ; CORTOLIMA ; CORTOLIMA ; Automática ; 4.433181 ; -75.211139 ; 73 ; TOLIMA ; 73001 ; IBAGUÉ ; Fija ; 1 ; Humedad Relativa ; % ; 79 
 15/04/2013 12:00:00 a.m. ; CORTOLIMA ; CORTOLIMA ; Automática ; 4.433181 ; -75.211139 ; 73 ; TOLIMA ; 73001 ; IBAGUÉ ; Fija ; 1 ; Humedad Relativa ; % ; 79 
 15/04/2013 01:00:00 a.m. ; CORTOLIMA ; CORTOLIMA ; Automática ; 4.433181 ; -75.211139 ; 73 ; TOLIMA ; 73001 ; IBAGUÉ ; Fija ; 1 ; Humedad Relativa ; % ; 79 
 15/04/2013 02:00:00 a.m. ; CORTOLIMA ; CORTOLIMA ; Automática ; 4.433181 ; -75.211139 ; 73 ; TOLIMA ; 73001 ; IBAGUÉ ; Fija ; 1 ; Humedad Relativa ; % ; 79 
 15/04/2013 03:00:00 a.m. ; CORTOLIMA ; CORTOLIMA ; Automática ; 4.433181 ; -75.211139 ; 73 ; TOLIMA ; 73001 ; IBAGUÉ ; Fija ; 1 ; Humedad Relativa ; % ; 79 
 15/04/2013 04:00:00 a.m. ; CORTOLIMA ; CORTOLIMA ; Automática ; 4.433181 ; -75.211139 ; 73 ; TOLIMA ; 73001 ; IBAGUÉ ; Fija ; 1 ; Humedad Relativa ; % ; 79 
 15/04/2013 05:00:00 a.m. ; CORTOLIMA ; CORTOLIMA ; Automática ; 4.433181 ; -75.211139 ; 73 ; TOLIMA ; 73001 ; IBAGUÉ ; Fija ; 1 ; Humedad Relativa ; % ; 79 
 15/04/2013 06:00:00 a.m. ; CORTOLIMA ; CORTOLIMA ; Automática ; 4.433181 ; -75.211139 ; 73 ; TOLIMA ; 73001 ; IBAGUÉ ; Fija ; 1 ; Humedad Relativa ; % ; 76 
 15/04/2013 07:00:00 a.m. ; CORTOLIMA ; CORTOLIMA ; Automática ; 4.433181 ; -75.211139 ; 73 ; TOLIMA ; 73001 ; IBAGUÉ ; Fija ; 1 ; Humedad Relativa ; % ; 75 
 15/04/2013 08:00:00 a.m. ; CORTOLIMA ; CORTOLIMA ; Automática ; 4.433181 ; -75.211139 ; 73 ; TOLIMA ; 73001 ; IBAGUÉ ; Fija ; 1 ; Humedad Relativa ; % ; 73 
 15/04/2013 09:00:00 a.m. ; CORTOLIMA ; CORTOLIMA ; Automática ; 4.433181 ; -75.211139 ; 73 ; TOLIMA ; 73001 ; IBAGUÉ ; Fija ; 1 ; Humedad Relativa ; % ; 76 
 15/04/2013 10:00:00 a.m. ; CORTOLIMA ; CORTOLIMA ; Automática ; 4.433181 ; -75.211139 ; 73 ; TOLIMA ; 73001 ; IBAGUÉ ; Fija ; 1 ; Humedad Relativa ; % ; 70 
 15/04/2013 11:00:00 a.m. ; CORTOLIMA ; CORTOLIMA ; Automática ; 4.433181 ; -75.211139 ; 73 ; TOLIMA ; 73001 ; IBAGUÉ ; Fija ; 1 ; Humedad Relativa ; % ; 64 
 15/04/2013 12:00:00 p.m. ; CORTOLIMA ; CORTOLIMA ; Automática ; 4.433181 ; -75.211139 ; 73 ; TOLIMA ; 73001 ; IBAGUÉ ; Fija ; 1 ; Humedad Relativa ; % ; 60 
 15/04/2013 01:00:00 p.m. ; CORTOLIMA ; CORTOLIMA ; Automática ; 4.433181 ; -75.211139 ; 73 ; TOLIMA ; 73001 ; IBAGUÉ ; Fija ; 1 ; Humedad Relativa ; % ; 57 
 15/04/2013 02:00:00 p.m. ; CORTOLIMA ; CORTOLIMA ; Automática ; 4.433181 ; -75.211139 ; 73 ; TOLIMA ; 73001 ; IBAGUÉ ; Fija ; 1 ; Humedad Relativa ; % ; 55 
 15/04/2013 03:00:00 p.m. ; CORTOLIMA ; CORTOLIMA ; Automática ; 4.433181 ; -75.211139 ; 73 ; TOLIMA ; 73001 ; IBAGUÉ ; Fija ; 1 ; Humedad Relativa ; % ; 58 
 15/04/2013 04:00:00 p.m. ; CORTOLIMA ; CORTOLIMA ; Automática ; 4.433181 ; -75.211139 ; 73 ; TOLIMA ; 73001 ; IBAGUÉ ; Fija ; 1 ; Humedad Relativa ; % ; 64 
 15/04/2013 05:00:00 p.m. ; CORTOLIMA ; CORTOLIMA ; Automática ; 4.433181 ; -75.211139 ; 73 ; TOLIMA ; 73001 ; IBAGUÉ ; Fija ; 1 ; Humedad Relativa ; % ; 64 
 15/04/2013 06:00:00 p.m. ; CORTOLIMA ; CORTOLIMA ; Automática ; 4.433181 ; -75.211139 ; 73 ; TOLIMA ; 73001 ; IBAGUÉ ; Fija ; 1 ; Humedad Relativa ; % ; 63 
 15/04/2013 07:00:00 p.m. ; CORTOLIMA ; CORTOLIMA ; Automática ; 4.433181 ; -75.211139 ; 73 ; TOLIMA ; 73001 ; IBAGUÉ ; Fija ; 1 ; Humedad Relativa ; % ; 71 
 15/04/2013 08:00:00 p.m. ; CORTOLIMA ; CORTOLIMA ; Automática ; 4.433181 ; -75.211139 ; 73 ; TOLIMA ; 73001 ; IBAGUÉ ; Fija ; 1 ; Humedad Relativa ; % ; 73 
 15/04/2013 09:00:00 p.m. ; CORTOLIMA ; CORTOLIMA ; Automática ; 4.433181 ; -75.211139 ; 73 ; TOLIMA ; 73001 ; IBAGUÉ ; Fija ; 1 ; Humedad Relativa ; % ; 71 
 15/04/2013 10:00:00 p.m. ; CORTOLIMA ; CORTOLIMA ; Automática ; 4.433181 ; -75.211139 ; 73 ; TOLIMA ; 73001 ; IBAGUÉ ; Fija ; 1 ; Humedad Relativa ; % ; 73 
 15/04/2013 11:00:00 p.m. ; CORTOLIMA ; CORTOLIMA ; Automática ; 4.433181 ; -75.211139 ; 73 ; TOLIMA ; 73001 ; IBAGUÉ ; Fija ; 1 ; Humedad Relativa ; % ; 75 
 16/04/2013 12:00:00 a.m. ; CORTOLIMA ; CORTOLIMA ; Automática ; 4.433181 ; -75.211139 ; 73 ; TOLIMA ; 73001 ; IBAGUÉ ; Fija ; 1 ; Humedad Relativa ; % ; 81 
 16/04/2013 01:00:00 a.m. ; CORTOLIMA ; CORTOLIMA ; Automática ; 4.433181 ; -75.211139 ; 73 ; TOLIMA ; 73001 ; IBAGUÉ ; Fija ; 1 ; Humedad Relativa ; % ; 81 
 16/04/2013 02:00:00 a.m. ; CORTOLIMA ; CORTOLIMA ; Automática ; 4.433181 ; -75.211139 ; 73 ; TOLIMA ; 73001 ; IBAGUÉ ; Fija ; 1 ; Humedad Relativa ; % ; 83 
 16/04/2013 03:00:00 a.m. ; CORTOLIMA ; CORTOLIMA ; Automática ; 4.433181 ; -75.211139 ; 73 ; TOLIMA ; 73001 ; IBAGUÉ ; Fija ; 1 ; Humedad Relativa ; % ; 83 
 16/04/2013 04:00:00 a.m. ; CORTOLIMA ; CORTOLIMA ; Automática ; 4.433181 ; -75.211139 ; 73 ; TOLIMA ; 73001 ; IBAGUÉ ; Fija ; 1 ; Humedad Relativa ; % ; 81 
 16/04/2013 05:00:00 a.m. ; CORTOLIMA ; CORTOLIMA ; Automática ; 4.433181 ; -75.211139 ; 73 ; TOLIMA ; 73001 ; IBAGUÉ ; Fija ; 1 ; Humedad Relativa ; % ; 75 
 16/04/2013 06:00:00 a.m. ; CORTOLIMA ; CORTOLIMA ; Automática ; 4.433181 ; -75.211139 ; 73 ; TOLIMA ; 73001 ; IBAGUÉ ; Fija ; 1 ; Humedad Relativa ; % ; 77 
 16/04/2013 07:00:00 a.m. ; CORTOLIMA ; CORTOLIMA ; Automática ; 4.433181 ; -75.211139 ; 73 ; TOLIMA ; 73001 ; IBAGUÉ ; Fija ; 1 ; Humedad Relativa ; % ; 67 
 16/04/2013 08:00:00 a.m. ; CORTOLIMA ; CORTOLIMA ; Automática ; 4.433181 ; -75.211139 ; 73 ; TOLIMA ; 73001 ; IBAGUÉ ; Fija ; 1 ; Humedad Relativa ; % ; 56 
 16/04/2013 09:00:00 a.m. ; CORTOLIMA ; CORTOLIMA ; Automática ; 4.433181 ; -75.211139 ; 73 ; TOLIMA ; 73001 ; IBAGUÉ ; Fija ; 1 ; Humedad Relativa ; % ; 63 
 16/04/2013 10:00:00 a.m. ; CORTOLIMA ; CORTOLIMA ; Automática ; 4.433181 ; -75.211139 ; 73 ; TOLIMA ; 73001 ; IBAGUÉ ; Fija ; 1 ; Humedad Relativa ; % ; 59 
 16/04/2013 11:00:00 a.m. ; CORTOLIMA ; CORTOLIMA ; Automática ; 4.433181 ; -75.211139 ; 73 ; TOLIMA ; 73001 ; IBAGUÉ ; Fija ; 1 ; Humedad Relativa ; % ; 55 
 16/04/2013 12:00:00 p.m. ; CORTOLIMA ; CORTOLIMA ; Automática ; 4.433181 ; -75.211139 ; 73 ; TOLIMA ; 73001 ; IBAGUÉ ; Fija ; 1 ; Humedad Relativa ; % ; 51 
 16/04/2013 01:00:00 p.m. ; CORTOLIMA ; CORTOLIMA ; Automática ; 4.433181 ; -75.211139 ; 73 ; TOLIMA ; 73001 ; IBAGUÉ ; Fija ; 1 ; Humedad Relativa ; % ; 49 
 16/04/2013 02:00:00 p.m. ; CORTOLIMA ; CORTOLIMA ; Automática ; 4.433181 ; -75.211139 ; 73 ; TOLIMA ; 73001 ; IBAGUÉ ; Fija ; 1 ; Humedad Relativa ; % ; 49 
 16/04/2013 03:00:00 p.m. ; CORTOLIMA ; CORTOLIMA ; Automática ; 4.433181 ; -75.211139 ; 73 ; TOLIMA ; 73001 ; IBAGUÉ ; Fija ; 1 ; Humedad Relativa ; % ; 46 
 16/04/2013 04:00:00 p.m. ; CORTOLIMA ; CORTOLIMA ; Automática ; 4.433181 ; -75.211139 ; 73 ; TOLIMA ; 73001 ; IBAGUÉ ; Fija ; 1 ; Humedad Relativa ; % ; 53 
 16/04/2013 05:00:00 p.m. ; CORTOLIMA ; CORTOLIMA ; Automática ; 4.433181 ; -75.211139 ; 73 ; TOLIMA ; 73001 ; IBAGUÉ ; Fija ; 1 ; Humedad Relativa ; % ; 51 
 16/04/2013 06:00:00 p.m. ; CORTOLIMA ; CORTOLIMA ; Automática ; 4.433181 ; -75.211139 ; 73 ; TOLIMA ; 73001 ; IBAGUÉ ; Fija ; 1 ; Humedad Relativa ; % ; 55 
 16/04/2013 07:00:00 p.m. ; CORTOLIMA ; CORTOLIMA ; Automática ; 4.433181 ; -75.211139 ; 73 ; TOLIMA ; 73001 ; IBAGUÉ ; Fija ; 1 ; Humedad Relativa ; % ; 57 
 16/04/2013 08:00:00 p.m. ; CORTOLIMA ; CORTOLIMA ; Automática ; 4.433181 ; -75.211139 ; 73 ; TOLIMA ; 73001 ; IBAGUÉ ; Fija ; 1 ; Humedad Relativa ; % ; 63 
 16/04/2013 09:00:00 p.m. ; CORTOLIMA ; CORTOLIMA ; Automática ; 4.433181 ; -75.211139 ; 73 ; TOLIMA ; 73001 ; IBAGUÉ ; Fija ; 1 ; Humedad Relativa ; % ; 65 
 16/04/2013 10:00:00 p.m. ; CORTOLIMA ; CORTOLIMA ; Automática ; 4.433181 ; -75.211139 ; 73 ; TOLIMA ; 73001 ; IBAGUÉ ; Fija ; 1 ; Humedad Relativa ; % ; 65 
 16/04/2013 11:00:00 p.m. ; CORTOLIMA ; CORTOLIMA ; Automática ; 4.433181 ; -75.211139 ; 73 ; TOLIMA ; 73001 ; IBAGUÉ ; Fija ; 1 ; Humedad Relativa ; % ; 67 
 17/04/2013 12:00:00 a.m. ; CORTOLIMA ; CORTOLIMA ; Automática ; 4.433181 ; -75.211139 ; 73 ; TOLIMA ; 73001 ; IBAGUÉ ; Fija ; 1 ; Humedad Relativa ; % ; 65 
 17/04/2013 01:00:00 a.m. ; CORTOLIMA ; CORTOLIMA ; Automática ; 4.433181 ; -75.211139 ; 73 ; TOLIMA ; 73001 ; IBAGUÉ ; Fija ; 1 ; Humedad Relativa ; % ; 68 
 17/04/2013 02:00:00 a.m. ; CORTOLIMA ; CORTOLIMA ; Automática ; 4.433181 ; -75.211139 ; 73 ; TOLIMA ; 73001 ; IBAGUÉ ; Fija ; 1 ; Humedad Relativa ; % ; 66 
 17/04/2013 03:00:00 a.m. ; CORTOLIMA ; CORTOLIMA ; Automática ; 4.433181 ; -75.211139 ; 73 ; TOLIMA ; 73001 ; IBAGUÉ ; Fija ; 1 ; Humedad Relativa ; % ; 67 
 17/04/2013 04:00:00 a.m. ; CORTOLIMA ; CORTOLIMA ; Automática ; 4.433181 ; -75.211139 ; 73 ; TOLIMA ; 73001 ; IBAGUÉ ; Fija ; 1 ; Humedad Relativa ; % ; 68 
 17/04/2013 05:00:00 a.m. ; CORTOLIMA ; CORTOLIMA ; Automática ; 4.433181 ; -75.211139 ; 73 ; TOLIMA ; 73001 ; IBAGUÉ ; Fija ; 1 ; Humedad Relativa ; % ; 72 
 17/04/2013 06:00:00 a.m. ; CORTOLIMA ; CORTOLIMA ; Automática ; 4.433181 ; -75.211139 ; 73 ; TOLIMA ; 73001 ; IBAGUÉ ; Fija ; 1 ; Humedad Relativa ; % ; 69 
 17/04/2013 07:00:00 a.m. ; CORTOLIMA ; CORTOLIMA ; Automática ; 4.433181 ; -75.211139 ; 73 ; TOLIMA ; 73001 ; IBAGUÉ ; Fija ; 1 ; Humedad Relativa ; % ; 65 
 17/04/2013 08:00:00 a.m. ; CORTOLIMA ; CORTOLIMA ; Automática ; 4.433181 ; -75.211139 ; 73 ; TOLIMA ; 73001 ; IBAGUÉ ; Fija ; 1 ; Humedad Relativa ; % ; 55 
 17/04/2013 09:00:00 a.m. ; CORTOLIMA ; CORTOLIMA ; Automática ; 4.433181 ; -75.211139 ; 73 ; TOLIMA ; 73001 ; IBAGUÉ ; Fija ; 1 ; Humedad Relativa ; % ; 66 
 17/04/2013 10:00:00 a.m. ; CORTOLIMA ; CORTOLIMA ; Automática ; 4.433181 ; -75.211139 ; 73 ; TOLIMA ; 73001 ; IBAGUÉ ; Fija ; 1 ; Humedad Relativa ; % ; 52 
 17/04/2013 11:00:00 a.m. ; CORTOLIMA ; CORTOLIMA ; Automática ; 4.433181 ; -75.211139 ; 73 ; TOLIMA ; 73001 ; IBAGUÉ ; Fija ; 1 ; Humedad Relativa ; % ; 51 
 17/04/2013 12:00:00 p.m. ; CORTOLIMA ; CORTOLIMA ; Automática ; 4.433181 ; -75.211139 ; 73 ; TOLIMA ; 73001 ; IBAGUÉ ; Fija ; 1 ; Humedad Relativa ; % ; 55 
 17/04/2013 01:00:00 p.m. ; CORTOLIMA ; CORTOLIMA ; Automática ; 4.433181 ; -75.211139 ; 73 ; TOLIMA ; 73001 ; IBAGUÉ ; Fija ; 1 ; Humedad Relativa ; % ; 51 
 17/04/2013 02:00:00 p.m. ; CORTOLIMA ; CORTOLIMA ; Automática ; 4.433181 ; -75.211139 ; 73 ; TOLIMA ; 73001 ; IBAGUÉ ; Fija ; 1 ; Humedad Relativa ; % ; 50 
 17/04/2013 03:00:00 p.m. ; CORTOLIMA ; CORTOLIMA ; Automática ; 4.433181 ; -75.211139 ; 73 ; TOLIMA ; 73001 ; IBAGUÉ ; Fija ; 1 ; Humedad Relativa ; % ; 52 
 17/04/2013 04:00:00 p.m. ; CORTOLIMA ; CORTOLIMA ; Automática ; 4.433181 ; -75.211139 ; 73 ; TOLIMA ; 73001 ; IBAGUÉ ; Fija ; 1 ; Humedad Relativa ; % ; 54 
 17/04/2013 05:00:00 p.m. ; CORTOLIMA ; CORTOLIMA ; Automática ; 4.433181 ; -75.211139 ; 73 ; TOLIMA ; 73001 ; IBAGUÉ ; Fija ; 1 ; Humedad Relativa ; % ; 59 
 17/04/2013 06:00:00 p.m. ; CORTOLIMA ; CORTOLIMA ; Automática ; 4.433181 ; -75.211139 ; 73 ; TOLIMA ; 73001 ; IBAGUÉ ; Fija ; 1 ; Humedad Relativa ; % ; 59 
 17/04/2013 07:00:00 p.m. ; CORTOLIMA ; CORTOLIMA ; Automática ; 4.433181 ; -75.211139 ; 73 ; TOLIMA ; 73001 ; IBAGUÉ ; Fija ; 1 ; Humedad Relativa ; % ; 62 
 17/04/2013 08:00:00 p.m. ; CORTOLIMA ; CORTOLIMA ; Automática ; 4.433181 ; -75.211139 ; 73 ; TOLIMA ; 73001 ; IBAGUÉ ; Fija ; 1 ; Humedad Relativa ; % ; 65 
 17/04/2013 09:00:00 p.m. ; CORTOLIMA ; CORTOLIMA ; Automática ; 4.433181 ; -75.211139 ; 73 ; TOLIMA ; 73001 ; IBAGUÉ ; Fija ; 1 ; Humedad Relativa ; % ; 65 
 17/04/2013 10:00:00 p.m. ; CORTOLIMA ; CORTOLIMA ; Automática ; 4.433181 ; -75.211139 ; 73 ; TOLIMA ; 73001 ; IBAGUÉ ; Fija ; 1 ; Humedad Relativa ; % ; 76 
 17/04/2013 11:00:00 p.m. ; CORTOLIMA ; CORTOLIMA ; Automática ; 4.433181 ; -75.211139 ; 73 ; TOLIMA ; 73001 ; IBAGUÉ ; Fija ; 1 ; Humedad Relativa ; % ; 83 
 18/04/2013 12:00:00 a.m. ; CORTOLIMA ; CORTOLIMA ; Automática ; 4.433181 ; -75.211139 ; 73 ; TOLIMA ; 73001 ; IBAGUÉ ; Fija ; 1 ; Humedad Relativa ; % ; 82 
 18/04/2013 01:00:00 a.m. ; CORTOLIMA ; CORTOLIMA ; Automática ; 4.433181 ; -75.211139 ; 73 ; TOLIMA ; 73001 ; IBAGUÉ ; Fija ; 1 ; Humedad Relativa ; % ; 88 
 18/04/2013 02:00:00 a.m. ; CORTOLIMA ; CORTOLIMA ; Automática ; 4.433181 ; -75.211139 ; 73 ; TOLIMA ; 73001 ; IBAGUÉ ; Fija ; 1 ; Humedad Relativa ; % ; 89 
 18/04/2013 03:00:00 a.m. ; CORTOLIMA ; CORTOLIMA ; Automática ; 4.433181 ; -75.211139 ; 73 ; TOLIMA ; 73001 ; IBAGUÉ ; Fija ; 1 ; Humedad Relativa ; % ; 90 
 18/04/2013 04:00:00 a.m. ; CORTOLIMA ; CORTOLIMA ; Automática ; 4.433181 ; -75.211139 ; 73 ; TOLIMA ; 73001 ; IBAGUÉ ; Fija ; 1 ; Humedad Relativa ; % ; 88 
 18/04/2013 05:00:00 a.m. ; CORTOLIMA ; CORTOLIMA ; Automática ; 4.433181 ; -75.211139 ; 73 ; TOLIMA ; 73001 ; IBAGUÉ ; Fija ; 1 ; Humedad Relativa ; % ; 83 
 18/04/2013 06:00:00 a.m. ; CORTOLIMA ; CORTOLIMA ; Automática ; 4.433181 ; -75.211139 ; 73 ; TOLIMA ; 73001 ; IBAGUÉ ; Fija ; 1 ; Humedad Relativa ; % ; 80 
 18/04/2013 07:00:00 a.m. ; CORTOLIMA ; CORTOLIMA ; Automática ; 4.433181 ; -75.211139 ; 73 ; TOLIMA ; 73001 ; IBAGUÉ ; Fija ; 1 ; Humedad Relativa ; % ; 83 
 18/04/2013 08:00:00 a.m. ; CORTOLIMA ; CORTOLIMA ; Automática ; 4.433181 ; -75.211139 ; 73 ; TOLIMA ; 73001 ; IBAGUÉ ; Fija ; 1 ; Humedad Relativa ; % ; 75 
 18/04/2013 09:00:00 a.m. ; CORTOLIMA ; CORTOLIMA ; Automática ; 4.433181 ; -75.211139 ; 73 ; TOLIMA ; 73001 ; IBAGUÉ ; Fija ; 1 ; Humedad Relativa ; % ; 72 
 18/04/2013 10:00:00 a.m. ; CORTOLIMA ; CORTOLIMA ; Automática ; 4.433181 ; -75.211139 ; 73 ; TOLIMA ; 73001 ; IBAGUÉ ; Fija ; 1 ; Humedad Relativa ; % ; 66 
 18/04/2013 11:00:00 a.m. ; CORTOLIMA ; CORTOLIMA ; Automática ; 4.433181 ; -75.211139 ; 73 ; TOLIMA ; 73001 ; IBAGUÉ ; Fija ; 1 ; Humedad Relativa ; % ; 68 
 18/04/2013 12:00:00 p.m. ; CORTOLIMA ; CORTOLIMA ; Automática ; 4.433181 ; -75.211139 ; 73 ; TOLIMA ; 73001 ; IBAGUÉ ; Fija ; 1 ; Humedad Relativa ; % ; 74 
 18/04/2013 01:00:00 p.m. ; CORTOLIMA ; CORTOLIMA ; Automática ; 4.433181 ; -75.211139 ; 73 ; TOLIMA ; 73001 ; IBAGUÉ ; Fija ; 1 ; Humedad Relativa ; % ; 75 
 18/04/2013 02:00:00 p.m. ; CORTOLIMA ; CORTOLIMA ; Automática ; 4.433181 ; -75.211139 ; 73 ; TOLIMA ; 73001 ; IBAGUÉ ; Fija ; 1 ; Humedad Relativa ; % ; 67 
 18/04/2013 03:00:00 p.m. ; CORTOLIMA ; CORTOLIMA ; Automática ; 4.433181 ; -75.211139 ; 73 ; TOLIMA ; 73001 ; IBAGUÉ ; Fija ; 1 ; Humedad Relativa ; % ; 84 
 18/04/2013 04:00:00 p.m. ; CORTOLIMA ; CORTOLIMA ; Automática ; 4.433181 ; -75.211139 ; 73 ; TOLIMA ; 73001 ; IBAGUÉ ; Fija ; 1 ; Humedad Relativa ; % ; 79 
 18/04/2013 05:00:00 p.m. ; CORTOLIMA ; CORTOLIMA ; Automática ; 4.433181 ; -75.211139 ; 73 ; TOLIMA ; 73001 ; IBAGUÉ ; Fija ; 1 ; Humedad Relativa ; % ; 60 
 18/04/2013 06:00:00 p.m. ; CORTOLIMA ; CORTOLIMA ; Automática ; 4.433181 ; -75.211139 ; 73 ; TOLIMA ; 73001 ; IBAGUÉ ; Fija ; 1 ; Humedad Relativa ; % ; 78 
 18/04/2013 07:00:00 p.m. ; CORTOLIMA ; CORTOLIMA ; Automática ; 4.433181 ; -75.211139 ; 73 ; TOLIMA ; 73001 ; IBAGUÉ ; Fija ; 1 ; Humedad Relativa ; % ; 82 
 18/04/2013 08:00:00 p.m. ; CORTOLIMA ; CORTOLIMA ; Automática ; 4.433181 ; -75.211139 ; 73 ; TOLIMA ; 73001 ; IBAGUÉ ; Fija ; 1 ; Humedad Relativa ; % ; 82 
 18/04/2013 09:00:00 p.m. ; CORTOLIMA ; CORTOLIMA ; Automática ; 4.433181 ; -75.211139 ; 73 ; TOLIMA ; 73001 ; IBAGUÉ ; Fija ; 1 ; Humedad Relativa ; % ; 89 
 18/04/2013 10:00:00 p.m. ; CORTOLIMA ; CORTOLIMA ; Automática ; 4.433181 ; -75.211139 ; 73 ; TOLIMA ; 73001 ; IBAGUÉ ; Fija ; 1 ; Humedad Relativa ; % ; 92 
 18/04/2013 11:00:00 p.m. ; CORTOLIMA ; CORTOLIMA ; Automática ; 4.433181 ; -75.211139 ; 73 ; TOLIMA ; 73001 ; IBAGUÉ ; Fija ; 1 ; Humedad Relativa ; % ; 94 
 19/04/2013 12:00:00 a.m. ; CORTOLIMA ; CORTOLIMA ; Automática ; 4.433181 ; -75.211139 ; 73 ; TOLIMA ; 73001 ; IBAGUÉ ; Fija ; 1 ; Humedad Relativa ; % ; 93 
 19/04/2013 01:00:00 a.m. ; CORTOLIMA ; CORTOLIMA ; Automática ; 4.433181 ; -75.211139 ; 73 ; TOLIMA ; 73001 ; IBAGUÉ ; Fija ; 1 ; Humedad Relativa ; % ; 93 
 19/04/2013 02:00:00 a.m. ; CORTOLIMA ; CORTOLIMA ; Automática ; 4.433181 ; -75.211139 ; 73 ; TOLIMA ; 73001 ; IBAGUÉ ; Fija ; 1 ; Humedad Relativa ; % ; 91 
 19/04/2013 03:00:00 a.m. ; CORTOLIMA ; CORTOLIMA ; Automática ; 4.433181 ; -75.211139 ; 73 ; TOLIMA ; 73001 ; IBAGUÉ ; Fija ; 1 ; Humedad Relativa ; % ; 93 
 19/04/2013 04:00:00 a.m. ; CORTOLIMA ; CORTOLIMA ; Automática ; 4.433181 ; -75.211139 ; 73 ; TOLIMA ; 73001 ; IBAGUÉ ; Fija ; 1 ; Humedad Relativa ; % ; 93 
 19/04/2013 05:00:00 a.m. ; CORTOLIMA ; CORTOLIMA ; Automática ; 4.433181 ; -75.211139 ; 73 ; TOLIMA ; 73001 ; IBAGUÉ ; Fija ; 1 ; Humedad Relativa ; % ; 94 
 19/04/2013 06:00:00 a.m. ; CORTOLIMA ; CORTOLIMA ; Automática ; 4.433181 ; -75.211139 ; 73 ; TOLIMA ; 73001 ; IBAGUÉ ; Fija ; 1 ; Humedad Relativa ; % ; 94 
 19/04/2013 07:00:00 a.m. ; CORTOLIMA ; CORTOLIMA ; Automática ; 4.433181 ; -75.211139 ; 73 ; TOLIMA ; 73001 ; IBAGUÉ ; Fija ; 1 ; Humedad Relativa ; % ; 93 
 19/04/2013 08:00:00 a.m. ; CORTOLIMA ; CORTOLIMA ; Automática ; 4.433181 ; -75.211139 ; 73 ; TOLIMA ; 73001 ; IBAGUÉ ; Fija ; 1 ; Humedad Relativa ; % ; 92 
 19/04/2013 09:00:00 a.m. ; CORTOLIMA ; CORTOLIMA ; Automática ; 4.433181 ; -75.211139 ; 73 ; TOLIMA ; 73001 ; IBAGUÉ ; Fija ; 1 ; Humedad Relativa ; % ; 85 
 19/04/2013 10:00:00 a.m. ; CORTOLIMA ; CORTOLIMA ; Automática ; 4.433181 ; -75.211139 ; 73 ; TOLIMA ; 73001 ; IBAGUÉ ; Fija ; 1 ; Humedad Relativa ; % ; 79 
 19/04/2013 11:00:00 a.m. ; CORTOLIMA ; CORTOLIMA ; Automática ; 4.433181 ; -75.211139 ; 73 ; TOLIMA ; 73001 ; IBAGUÉ ; Fija ; 1 ; Humedad Relativa ; % ; 73 
 19/04/2013 12:00:00 p.m. ; CORTOLIMA ; CORTOLIMA ; Automática ; 4.433181 ; -75.211139 ; 73 ; TOLIMA ; 73001 ; IBAGUÉ ; Fija ; 1 ; Humedad Relativa ; % ; 79 
 19/04/2013 01:00:00 p.m. ; CORTOLIMA ; CORTOLIMA ; Automática ; 4.433181 ; -75.211139 ; 73 ; TOLIMA ; 73001 ; IBAGUÉ ; Fija ; 1 ; Humedad Relativa ; % ; 88 
 19/04/2013 02:00:00 p.m. ; CORTOLIMA ; CORTOLIMA ; Automática ; 4.433181 ; -75.211139 ; 73 ; TOLIMA ; 73001 ; IBAGUÉ ; Fija ; 1 ; Humedad Relativa ; % ; 95 
 19/04/2013 03:00:00 p.m. ; CORTOLIMA ; CORTOLIMA ; Automática ; 4.433181 ; -75.211139 ; 73 ; TOLIMA ; 73001 ; IBAGUÉ ; Fija ; 1 ; Humedad Relativa ; % ; 82 
 19/04/2013 04:00:00 p.m. ; CORTOLIMA ; CORTOLIMA ; Automática ; 4.433181 ; -75.211139 ; 73 ; TOLIMA ; 73001 ; IBAGUÉ ; Fija ; 1 ; Humedad Relativa ; % ; 88 
 19/04/2013 05:00:00 p.m. ; CORTOLIMA ; CORTOLIMA ; Automática ; 4.433181 ; -75.211139 ; 73 ; TOLIMA ; 73001 ; IBAGUÉ ; Fija ; 1 ; Humedad Relativa ; % ; 91 
 19/04/2013 06:00:00 p.m. ; CORTOLIMA ; CORTOLIMA ; Automática ; 4.433181 ; -75.211139 ; 73 ; TOLIMA ; 73001 ; IBAGUÉ ; Fija ; 1 ; Humedad Relativa ; % ; 89 
 19/04/2013 07:00:00 p.m. ; CORTOLIMA ; CORTOLIMA ; Automática ; 4.433181 ; -75.211139 ; 73 ; TOLIMA ; 73001 ; IBAGUÉ ; Fija ; 1 ; Humedad Relativa ; % ; 90 
 19/04/2013 08:00:00 p.m. ; CORTOLIMA ; CORTOLIMA ; Automática ; 4.433181 ; -75.211139 ; 73 ; TOLIMA ; 73001 ; IBAGUÉ ; Fija ; 1 ; Humedad Relativa ; % ; 92 
 19/04/2013 09:00:00 p.m. ; CORTOLIMA ; CORTOLIMA ; Automática ; 4.433181 ; -75.211139 ; 73 ; TOLIMA ; 73001 ; IBAGUÉ ; Fija ; 1 ; Humedad Relativa ; % ; 93 
 19/04/2013 10:00:00 p.m. ; CORTOLIMA ; CORTOLIMA ; Automática ; 4.433181 ; -75.211139 ; 73 ; TOLIMA ; 73001 ; IBAGUÉ ; Fija ; 1 ; Humedad Relativa ; % ; 92 
 19/04/2013 11:00:00 p.m. ; CORTOLIMA ; CORTOLIMA ; Automática ; 4.433181 ; -75.211139 ; 73 ; TOLIMA ; 73001 ; IBAGUÉ ; Fija ; 1 ; Humedad Relativa ; % ; 91 
 20/04/2013 12:00:00 a.m. ; CORTOLIMA ; CORTOLIMA ; Automática ; 4.433181 ; -75.211139 ; 73 ; TOLIMA ; 73001 ; IBAGUÉ ; Fija ; 1 ; Humedad Relativa ; % ; 90 
 20/04/2013 01:00:00 a.m. ; CORTOLIMA ; CORTOLIMA ; Automática ; 4.433181 ; -75.211139 ; 73 ; TOLIMA ; 73001 ; IBAGUÉ ; Fija ; 1 ; Humedad Relativa ; % ; 89 
 20/04/2013 02:00:00 a.m. ; CORTOLIMA ; CORTOLIMA ; Automática ; 4.433181 ; -75.211139 ; 73 ; TOLIMA ; 73001 ; IBAGUÉ ; Fija ; 1 ; Humedad Relativa ; % ; 90 
 20/04/2013 03:00:00 a.m. ; CORTOLIMA ; CORTOLIMA ; Automática ; 4.433181 ; -75.211139 ; 73 ; TOLIMA ; 73001 ; IBAGUÉ ; Fija ; 1 ; Humedad Relativa ; % ; 92 
 20/04/2013 04:00:00 a.m. ; CORTOLIMA ; CORTOLIMA ; Automática ; 4.433181 ; -75.211139 ; 73 ; TOLIMA ; 73001 ; IBAGUÉ ; Fija ; 1 ; Humedad Relativa ; % ; 91 
 20/04/2013 05:00:00 a.m. ; CORTOLIMA ; CORTOLIMA ; Automática ; 4.433181 ; -75.211139 ; 73 ; TOLIMA ; 73001 ; IBAGUÉ ; Fija ; 1 ; Humedad Relativa ; % ; 91 
 20/04/2013 06:00:00 a.m. ; CORTOLIMA ; CORTOLIMA ; Automática ; 4.433181 ; -75.211139 ; 73 ; TOLIMA ; 73001 ; IBAGUÉ ; Fija ; 1 ; Humedad Relativa ; % ; 89 
 20/04/2013 07:00:00 a.m. ; CORTOLIMA ; CORTOLIMA ; Automática ; 4.433181 ; -75.211139 ; 73 ; TOLIMA ; 73001 ; IBAGUÉ ; Fija ; 1 ; Humedad Relativa ; % ; 87 
 20/04/2013 08:00:00 a.m. ; CORTOLIMA ; CORTOLIMA ; Automática ; 4.433181 ; -75.211139 ; 73 ; TOLIMA ; 73001 ; IBAGUÉ ; Fija ; 1 ; Humedad Relativa ; % ; 78 
 20/04/2013 09:00:00 a.m. ; CORTOLIMA ; CORTOLIMA ; Automática ; 4.433181 ; -75.211139 ; 73 ; TOLIMA ; 73001 ; IBAGUÉ ; Fija ; 1 ; Humedad Relativa ; % ; 76 
 20/04/2013 10:00:00 a.m. ; CORTOLIMA ; CORTOLIMA ; Automática ; 4.433181 ; -75.211139 ; 73 ; TOLIMA ; 73001 ; IBAGUÉ ; Fija ; 1 ; Humedad Relativa ; % ; 76 
 20/04/2013 11:00:00 a.m. ; CORTOLIMA ; CORTOLIMA ; Automática ; 4.433181 ; -75.211139 ; 73 ; TOLIMA ; 73001 ; IBAGUÉ ; Fija ; 1 ; Humedad Relativa ; % ; 72 
 20/04/2013 12:00:00 p.m. ; CORTOLIMA ; CORTOLIMA ; Automática ; 4.433181 ; -75.211139 ; 73 ; TOLIMA ; 73001 ; IBAGUÉ ; Fija ; 1 ; Humedad Relativa ; % ; 75 
 20/04/2013 01:00:00 p.m. ; CORTOLIMA ; CORTOLIMA ; Automática ; 4.433181 ; -75.211139 ; 73 ; TOLIMA ; 73001 ; IBAGUÉ ; Fija ; 1 ; Humedad Relativa ; % ; 71 
 20/04/2013 02:00:00 p.m. ; CORTOLIMA ; CORTOLIMA ; Automática ; 4.433181 ; -75.211139 ; 73 ; TOLIMA ; 73001 ; IBAGUÉ ; Fija ; 1 ; Humedad Relativa ; % ; 71 
 20/04/2013 03:00:00 p.m. ; CORTOLIMA ; CORTOLIMA ; Automática ; 4.433181 ; -75.211139 ; 73 ; TOLIMA ; 73001 ; IBAGUÉ ; Fija ; 1 ; Humedad Relativa ; % ; 76 
 20/04/2013 04:00:00 p.m. ; CORTOLIMA ; CORTOLIMA ; Automática ; 4.433181 ; -75.211139 ; 73 ; TOLIMA ; 73001 ; IBAGUÉ ; Fija ; 1 ; Humedad Relativa ; % ; 87 
 20/04/2013 05:00:00 p.m. ; CORTOLIMA ; CORTOLIMA ; Automática ; 4.433181 ; -75.211139 ; 73 ; TOLIMA ; 73001 ; IBAGUÉ ; Fija ; 1 ; Humedad Relativa ; % ; 85 
 20/04/2013 06:00:00 p.m. ; CORTOLIMA ; CORTOLIMA ; Automática ; 4.433181 ; -75.211139 ; 73 ; TOLIMA ; 73001 ; IBAGUÉ ; Fija ; 1 ; Humedad Relativa ; % ; 81 
 20/04/2013 07:00:00 p.m. ; CORTOLIMA ; CORTOLIMA ; Automática ; 4.433181 ; -75.211139 ; 73 ; TOLIMA ; 73001 ; IBAGUÉ ; Fija ; 1 ; Humedad Relativa ; % ; 82 
 20/04/2013 08:00:00 p.m. ; CORTOLIMA ; CORTOLIMA ; Automática ; 4.433181 ; -75.211139 ; 73 ; TOLIMA ; 73001 ; IBAGUÉ ; Fija ; 1 ; Humedad Relativa ; % ; 82 
 20/04/2013 09:00:00 p.m. ; CORTOLIMA ; CORTOLIMA ; Automática ; 4.433181 ; -75.211139 ; 73 ; TOLIMA ; 73001 ; IBAGUÉ ; Fija ; 1 ; Humedad Relativa ; % ; 82 
 20/04/2013 10:00:00 p.m. ; CORTOLIMA ; CORTOLIMA ; Automática ; 4.433181 ; -75.211139 ; 73 ; TOLIMA ; 73001 ; IBAGUÉ ; Fija ; 1 ; Humedad Relativa ; % ; 78 
 20/04/2013 11:00:00 p.m. ; CORTOLIMA ; CORTOLIMA ; Automática ; 4.433181 ; -75.211139 ; 73 ; TOLIMA ; 73001 ; IBAGUÉ ; Fija ; 1 ; Humedad Relativa ; % ; 78 
 21/04/2013 12:00:00 a.m. ; CORTOLIMA ; CORTOLIMA ; Automática ; 4.433181 ; -75.211139 ; 73 ; TOLIMA ; 73001 ; IBAGUÉ ; Fija ; 1 ; Humedad Relativa ; % ; 79 
 21/04/2013 01:00:00 a.m. ; CORTOLIMA ; CORTOLIMA ; Automática ; 4.433181 ; -75.211139 ; 73 ; TOLIMA ; 73001 ; IBAGUÉ ; Fija ; 1 ; Humedad Relativa ; % ; 81 
 21/04/2013 02:00:00 a.m. ; CORTOLIMA ; CORTOLIMA ; Automática ; 4.433181 ; -75.211139 ; 73 ; TOLIMA ; 73001 ; IBAGUÉ ; Fija ; 1 ; Humedad Relativa ; % ; 84 
 21/04/2013 03:00:00 a.m. ; CORTOLIMA ; CORTOLIMA ; Automática ; 4.433181 ; -75.211139 ; 73 ; TOLIMA ; 73001 ; IBAGUÉ ; Fija ; 1 ; Humedad Relativa ; % ; 81 
 21/04/2013 04:00:00 a.m. ; CORTOLIMA ; CORTOLIMA ; Automática ; 4.433181 ; -75.211139 ; 73 ; TOLIMA ; 73001 ; IBAGUÉ ; Fija ; 1 ; Humedad Relativa ; % ; 92 
 21/04/2013 05:00:00 a.m. ; CORTOLIMA ; CORTOLIMA ; Automática ; 4.433181 ; -75.211139 ; 73 ; TOLIMA ; 73001 ; IBAGUÉ ; Fija ; 1 ; Humedad Relativa ; % ; 94 
 21/04/2013 06:00:00 a.m. ; CORTOLIMA ; CORTOLIMA ; Automática ; 4.433181 ; -75.211139 ; 73 ; TOLIMA ; 73001 ; IBAGUÉ ; Fija ; 1 ; Humedad Relativa ; % ; 92 
 21/04/2013 07:00:00 a.m. ; CORTOLIMA ; CORTOLIMA ; Automática ; 4.433181 ; -75.211139 ; 73 ; TOLIMA ; 73001 ; IBAGUÉ ; Fija ; 1 ; Humedad Relativa ; % ; 90 
 21/04/2013 08:00:00 a.m. ; CORTOLIMA ; CORTOLIMA ; Automática ; 4.433181 ; -75.211139 ; 73 ; TOLIMA ; 73001 ; IBAGUÉ ; Fija ; 1 ; Humedad Relativa ; % ; 94 
 21/04/2013 09:00:00 a.m. ; CORTOLIMA ; CORTOLIMA ; Automática ; 4.433181 ; -75.211139 ; 73 ; TOLIMA ; 73001 ; IBAGUÉ ; Fija ; 1 ; Humedad Relativa ; % ; 95 
 21/04/2013 10:00:00 a.m. ; CORTOLIMA ; CORTOLIMA ; Automática ; 4.433181 ; -75.211139 ; 73 ; TOLIMA ; 73001 ; IBAGUÉ ; Fija ; 1 ; Humedad Relativa ; % ; 96 
 21/04/2013 11:00:00 a.m. ; CORTOLIMA ; CORTOLIMA ; Automática ; 4.433181 ; -75.211139 ; 73 ; TOLIMA ; 73001 ; IBAGUÉ ; Fija ; 1 ; Humedad Relativa ; % ; 93 
 21/04/2013 12:00:00 p.m. ; CORTOLIMA ; CORTOLIMA ; Automática ; 4.433181 ; -75.211139 ; 73 ; TOLIMA ; 73001 ; IBAGUÉ ; Fija ; 1 ; Humedad Relativa ; % ; 90 
 21/04/2013 01:00:00 p.m. ; CORTOLIMA ; CORTOLIMA ; Automática ; 4.433181 ; -75.211139 ; 73 ; TOLIMA ; 73001 ; IBAGUÉ ; Fija ; 1 ; Humedad Relativa ; % ; 75 
 21/04/2013 02:00:00 p.m. ; CORTOLIMA ; CORTOLIMA ; Automática ; 4.433181 ; -75.211139 ; 73 ; TOLIMA ; 73001 ; IBAGUÉ ; Fija ; 1 ; Humedad Relativa ; % ; 77 
 21/04/2013 03:00:00 p.m. ; CORTOLIMA ; CORTOLIMA ; Automática ; 4.433181 ; -75.211139 ; 73 ; TOLIMA ; 73001 ; IBAGUÉ ; Fija ; 1 ; Humedad Relativa ; % ; 83 
 21/04/2013 04:00:00 p.m. ; CORTOLIMA ; CORTOLIMA ; Automática ; 4.433181 ; -75.211139 ; 73 ; TOLIMA ; 73001 ; IBAGUÉ ; Fija ; 1 ; Humedad Relativa ; % ; 70 
 21/04/2013 05:00:00 p.m. ; CORTOLIMA ; CORTOLIMA ; Automática ; 4.433181 ; -75.211139 ; 73 ; TOLIMA ; 73001 ; IBAGUÉ ; Fija ; 1 ; Humedad Relativa ; % ; 85 
 21/04/2013 06:00:00 p.m. ; CORTOLIMA ; CORTOLIMA ; Automática ; 4.433181 ; -75.211139 ; 73 ; TOLIMA ; 73001 ; IBAGUÉ ; Fija ; 1 ; Humedad Relativa ; % ; 89 
 21/04/2013 07:00:00 p.m. ; CORTOLIMA ; CORTOLIMA ; Automática ; 4.433181 ; -75.211139 ; 73 ; TOLIMA ; 73001 ; IBAGUÉ ; Fija ; 1 ; Humedad Relativa ; % ; 93 
 21/04/2013 08:00:00 p.m. ; CORTOLIMA ; CORTOLIMA ; Automática ; 4.433181 ; -75.211139 ; 73 ; TOLIMA ; 73001 ; IBAGUÉ ; Fija ; 1 ; Humedad Relativa ; % ; 94 
 21/04/2013 09:00:00 p.m. ; CORTOLIMA ; CORTOLIMA ; Automática ; 4.433181 ; -75.211139 ; 73 ; TOLIMA ; 73001 ; IBAGUÉ ; Fija ; 1 ; Humedad Relativa ; % ; 91 
 21/04/2013 10:00:00 p.m. ; CORTOLIMA ; CORTOLIMA ; Automática ; 4.433181 ; -75.211139 ; 73 ; TOLIMA ; 73001 ; IBAGUÉ ; Fija ; 1 ; Humedad Relativa ; % ; 90 
 21/04/2013 11:00:00 p.m. ; CORTOLIMA ; CORTOLIMA ; Automática ; 4.433181 ; -75.211139 ; 73 ; TOLIMA ; 73001 ; IBAGUÉ ; Fija ; 1 ; Humedad Relativa ; % ; 91 
 22/04/2013 12:00:00 a.m. ; CORTOLIMA ; CORTOLIMA ; Automática ; 4.433181 ; -75.211139 ; 73 ; TOLIMA ; 73001 ; IBAGUÉ ; Fija ; 1 ; Humedad Relativa ; % ; 90 
 22/04/2013 01:00:00 a.m. ; CORTOLIMA ; CORTOLIMA ; Automática ; 4.433181 ; -75.211139 ; 73 ; TOLIMA ; 73001 ; IBAGUÉ ; Fija ; 1 ; Humedad Relativa ; % ; 87 
 22/04/2013 02:00:00 a.m. ; CORTOLIMA ; CORTOLIMA ; Automática ; 4.433181 ; -75.211139 ; 73 ; TOLIMA ; 73001 ; IBAGUÉ ; Fija ; 1 ; Humedad Relativa ; % ; 85 
 22/04/2013 03:00:00 a.m. ; CORTOLIMA ; CORTOLIMA ; Automática ; 4.433181 ; -75.211139 ; 73 ; TOLIMA ; 73001 ; IBAGUÉ ; Fija ; 1 ; Humedad Relativa ; % ; 88 
 22/04/2013 04:00:00 a.m. ; CORTOLIMA ; CORTOLIMA ; Automática ; 4.433181 ; -75.211139 ; 73 ; TOLIMA ; 73001 ; IBAGUÉ ; Fija ; 1 ; Humedad Relativa ; % ; 88 
 22/04/2013 05:00:00 a.m. ; CORTOLIMA ; CORTOLIMA ; Automática ; 4.433181 ; -75.211139 ; 73 ; TOLIMA ; 73001 ; IBAGUÉ ; Fija ; 1 ; Humedad Relativa ; % ; 86 
 22/04/2013 06:00:00 a.m. ; CORTOLIMA ; CORTOLIMA ; Automática ; 4.433181 ; -75.211139 ; 73 ; TOLIMA ; 73001 ; IBAGUÉ ; Fija ; 1 ; Humedad Relativa ; % ; 84 
 22/04/2013 07:00:00 a.m. ; CORTOLIMA ; CORTOLIMA ; Automática ; 4.433181 ; -75.211139 ; 73 ; TOLIMA ; 73001 ; IBAGUÉ ; Fija ; 1 ; Humedad Relativa ; % ; 84 
 22/04/2013 08:00:00 a.m. ; CORTOLIMA ; CORTOLIMA ; Automática ; 4.433181 ; -75.211139 ; 73 ; TOLIMA ; 73001 ; IBAGUÉ ; Fija ; 1 ; Humedad Relativa ; % ; 82 
 22/04/2013 09:00:00 a.m. ; CORTOLIMA ; CORTOLIMA ; Automática ; 4.433181 ; -75.211139 ; 73 ; TOLIMA ; 73001 ; IBAGUÉ ; Fija ; 1 ; Humedad Relativa ; % ; 84 
 22/04/2013 10:00:00 a.m. ; CORTOLIMA ; CORTOLIMA ; Automática ; 4.433181 ; -75.211139 ; 73 ; TOLIMA ; 73001 ; IBAGUÉ ; Fija ; 1 ; Humedad Relativa ; % ; 76 
 22/04/2013 11:00:00 a.m. ; CORTOLIMA ; CORTOLIMA ; Automática ; 4.433181 ; -75.211139 ; 73 ; TOLIMA ; 73001 ; IBAGUÉ ; Fija ; 1 ; Humedad Relativa ; % ; 81 
 22/04/2013 12:00:00 p.m. ; CORTOLIMA ; CORTOLIMA ; Automática ; 4.433181 ; -75.211139 ; 73 ; TOLIMA ; 73001 ; IBAGUÉ ; Fija ; 1 ; Humedad Relativa ; % ; 83 
 22/04/2013 01:00:00 p.m. ; CORTOLIMA ; CORTOLIMA ; Automática ; 4.433181 ; -75.211139 ; 73 ; TOLIMA ; 73001 ; IBAGUÉ ; Fija ; 1 ; Humedad Relativa ; % ; 79 
 22/04/2013 02:00:00 p.m. ; CORTOLIMA ; CORTOLIMA ; Automática ; 4.433181 ; -75.211139 ; 73 ; TOLIMA ; 73001 ; IBAGUÉ ; Fija ; 1 ; Humedad Relativa ; % ; 71 
 22/04/2013 03:00:00 p.m. ; CORTOLIMA ; CORTOLIMA ; Automática ; 4.433181 ; -75.211139 ; 73 ; TOLIMA ; 73001 ; IBAGUÉ ; Fija ; 1 ; Humedad Relativa ; % ; 76 
 22/04/2013 04:00:00 p.m. ; CORTOLIMA ; CORTOLIMA ; Automática ; 4.433181 ; -75.211139 ; 73 ; TOLIMA ; 73001 ; IBAGUÉ ; Fija ; 1 ; Humedad Relativa ; % ; 74 
 22/04/2013 05:00:00 p.m. ; CORTOLIMA ; CORTOLIMA ; Automática ; 4.433181 ; -75.211139 ; 73 ; TOLIMA ; 73001 ; IBAGUÉ ; Fija ; 1 ; Humedad Relativa ; % ; 80 
 22/04/2013 06:00:00 p.m. ; CORTOLIMA ; CORTOLIMA ; Automática ; 4.433181 ; -75.211139 ; 73 ; TOLIMA ; 73001 ; IBAGUÉ ; Fija ; 1 ; Humedad Relativa ; % ; 82 
 22/04/2013 07:00:00 p.m. ; CORTOLIMA ; CORTOLIMA ; Automática ; 4.433181 ; -75.211139 ; 73 ; TOLIMA ; 73001 ; IBAGUÉ ; Fija ; 1 ; Humedad Relativa ; % ; 81 
 22/04/2013 08:00:00 p.m. ; CORTOLIMA ; CORTOLIMA ; Automática ; 4.433181 ; -75.211139 ; 73 ; TOLIMA ; 73001 ; IBAGUÉ ; Fija ; 1 ; Humedad Relativa ; % ; 77 
 22/04/2013 09:00:00 p.m. ; CORTOLIMA ; CORTOLIMA ; Automática ; 4.433181 ; -75.211139 ; 73 ; TOLIMA ; 73001 ; IBAGUÉ ; Fija ; 1 ; Humedad Relativa ; % ; 79 
 22/04/2013 10:00:00 p.m. ; CORTOLIMA ; CORTOLIMA ; Automática ; 4.433181 ; -75.211139 ; 73 ; TOLIMA ; 73001 ; IBAGUÉ ; Fija ; 1 ; Humedad Relativa ; % ; 81 
 22/04/2013 11:00:00 p.m. ; CORTOLIMA ; CORTOLIMA ; Automática ; 4.433181 ; -75.211139 ; 73 ; TOLIMA ; 73001 ; IBAGUÉ ; Fija ; 1 ; Humedad Relativa ; % ; 84 
 23/04/2013 12:00:00 a.m. ; CORTOLIMA ; CORTOLIMA ; Automática ; 4.433181 ; -75.211139 ; 73 ; TOLIMA ; 73001 ; IBAGUÉ ; Fija ; 1 ; Humedad Relativa ; % ; 83 
 23/04/2013 01:00:00 a.m. ; CORTOLIMA ; CORTOLIMA ; Automática ; 4.433181 ; -75.211139 ; 73 ; TOLIMA ; 73001 ; IBAGUÉ ; Fija ; 1 ; Humedad Relativa ; % ; 83 
 23/04/2013 02:00:00 a.m. ; CORTOLIMA ; CORTOLIMA ; Automática ; 4.433181 ; -75.211139 ; 73 ; TOLIMA ; 73001 ; IBAGUÉ ; Fija ; 1 ; Humedad Relativa ; % ; 83 
 23/04/2013 03:00:00 a.m. ; CORTOLIMA ; CORTOLIMA ; Automática ; 4.433181 ; -75.211139 ; 73 ; TOLIMA ; 73001 ; IBAGUÉ ; Fija ; 1 ; Humedad Relativa ; % ; 87 
 23/04/2013 04:00:00 a.m. ; CORTOLIMA ; CORTOLIMA ; Automática ; 4.433181 ; -75.211139 ; 73 ; TOLIMA ; 73001 ; IBAGUÉ ; Fija ; 1 ; Humedad Relativa ; % ; 85 
 23/04/2013 05:00:00 a.m. ; CORTOLIMA ; CORTOLIMA ; Automática ; 4.433181 ; -75.211139 ; 73 ; TOLIMA ; 73001 ; IBAGUÉ ; Fija ; 1 ; Humedad Relativa ; % ; 83 
 23/04/2013 06:00:00 a.m. ; CORTOLIMA ; CORTOLIMA ; Automática ; 4.433181 ; -75.211139 ; 73 ; TOLIMA ; 73001 ; IBAGUÉ ; Fija ; 1 ; Humedad Relativa ; % ; 93 
 23/04/2013 07:00:00 a.m. ; CORTOLIMA ; CORTOLIMA ; Automática ; 4.433181 ; -75.211139 ; 73 ; TOLIMA ; 73001 ; IBAGUÉ ; Fija ; 1 ; Humedad Relativa ; % ; 91 
 23/04/2013 08:00:00 a.m. ; CORTOLIMA ; CORTOLIMA ; Automática ; 4.433181 ; -75.211139 ; 73 ; TOLIMA ; 73001 ; IBAGUÉ ; Fija ; 1 ; Humedad Relativa ; % ; 94 
 23/04/2013 09:00:00 a.m. ; CORTOLIMA ; CORTOLIMA ; Automática ; 4.433181 ; -75.211139 ; 73 ; TOLIMA ; 73001 ; IBAGUÉ ; Fija ; 1 ; Humedad Relativa ; % ; 93 
 23/04/2013 10:00:00 a.m. ; CORTOLIMA ; CORTOLIMA ; Automática ; 4.433181 ; -75.211139 ; 73 ; TOLIMA ; 73001 ; IBAGUÉ ; Fija ; 1 ; Humedad Relativa ; % ; 90 
 23/04/2013 11:00:00 a.m. ; CORTOLIMA ; CORTOLIMA ; Automática ; 4.433181 ; -75.211139 ; 73 ; TOLIMA ; 73001 ; IBAGUÉ ; Fija ; 1 ; Humedad Relativa ; % ; 84 
 23/04/2013 12:00:00 p.m. ; CORTOLIMA ; CORTOLIMA ; Automática ; 4.433181 ; -75.211139 ; 73 ; TOLIMA ; 73001 ; IBAGUÉ ; Fija ; 1 ; Humedad Relativa ; % ; 84 
 23/04/2013 01:00:00 p.m. ; CORTOLIMA ; CORTOLIMA ; Automática ; 4.433181 ; -75.211139 ; 73 ; TOLIMA ; 73001 ; IBAGUÉ ; Fija ; 1 ; Humedad Relativa ; % ; 82 
 23/04/2013 02:00:00 p.m. ; CORTOLIMA ; CORTOLIMA ; Automática ; 4.433181 ; -75.211139 ; 73 ; TOLIMA ; 73001 ; IBAGUÉ ; Fija ; 1 ; Humedad Relativa ; % ; 81 
 23/04/2013 03:00:00 p.m. ; CORTOLIMA ; CORTOLIMA ; Automática ; 4.433181 ; -75.211139 ; 73 ; TOLIMA ; 73001 ; IBAGUÉ ; Fija ; 1 ; Humedad Relativa ; % ; 78 
 23/04/2013 04:00:00 p.m. ; CORTOLIMA ; CORTOLIMA ; Automática ; 4.433181 ; -75.211139 ; 73 ; TOLIMA ; 73001 ; IBAGUÉ ; Fija ; 1 ; Humedad Relativa ; % ; 74 
 23/04/2013 05:00:00 p.m. ; CORTOLIMA ; CORTOLIMA ; Automática ; 4.433181 ; -75.211139 ; 73 ; TOLIMA ; 73001 ; IBAGUÉ ; Fija ; 1 ; Humedad Relativa ; % ; 79 
 23/04/2013 06:00:00 p.m. ; CORTOLIMA ; CORTOLIMA ; Automática ; 4.433181 ; -75.211139 ; 73 ; TOLIMA ; 73001 ; IBAGUÉ ; Fija ; 1 ; Humedad Relativa ; % ; 88 
 23/04/2013 07:00:00 p.m. ; CORTOLIMA ; CORTOLIMA ; Automática ; 4.433181 ; -75.211139 ; 73 ; TOLIMA ; 73001 ; IBAGUÉ ; Fija ; 1 ; Humedad Relativa ; % ; 88 
 23/04/2013 08:00:00 p.m. ; CORTOLIMA ; CORTOLIMA ; Automática ; 4.433181 ; -75.211139 ; 73 ; TOLIMA ; 73001 ; IBAGUÉ ; Fija ; 1 ; Humedad Relativa ; % ; 81 
 23/04/2013 09:00:00 p.m. ; CORTOLIMA ; CORTOLIMA ; Automática ; 4.433181 ; -75.211139 ; 73 ; TOLIMA ; 73001 ; IBAGUÉ ; Fija ; 1 ; Humedad Relativa ; % ; 84 
 23/04/2013 10:00:00 p.m. ; CORTOLIMA ; CORTOLIMA ; Automática ; 4.433181 ; -75.211139 ; 73 ; TOLIMA ; 73001 ; IBAGUÉ ; Fija ; 1 ; Humedad Relativa ; % ; 78 
 23/04/2013 11:00:00 p.m. ; CORTOLIMA ; CORTOLIMA ; Automática ; 4.433181 ; -75.211139 ; 73 ; TOLIMA ; 73001 ; IBAGUÉ ; Fija ; 1 ; Humedad Relativa ; % ; 71 
 24/04/2013 12:00:00 a.m. ; CORTOLIMA ; CORTOLIMA ; Automática ; 4.433181 ; -75.211139 ; 73 ; TOLIMA ; 73001 ; IBAGUÉ ; Fija ; 1 ; Humedad Relativa ; % ; 81 
 24/04/2013 01:00:00 a.m. ; CORTOLIMA ; CORTOLIMA ; Automática ; 4.433181 ; -75.211139 ; 73 ; TOLIMA ; 73001 ; IBAGUÉ ; Fija ; 1 ; Humedad Relativa ; % ; 83 
 24/04/2013 02:00:00 a.m. ; CORTOLIMA ; CORTOLIMA ; Automática ; 4.433181 ; -75.211139 ; 73 ; TOLIMA ; 73001 ; IBAGUÉ ; Fija ; 1 ; Humedad Relativa ; % ; 81 
 24/04/2013 03:00:00 a.m. ; CORTOLIMA ; CORTOLIMA ; Automática ; 4.433181 ; -75.211139 ; 73 ; TOLIMA ; 73001 ; IBAGUÉ ; Fija ; 1 ; Humedad Relativa ; % ; 89 
 24/04/2013 04:00:00 a.m. ; CORTOLIMA ; CORTOLIMA ; Automática ; 4.433181 ; -75.211139 ; 73 ; TOLIMA ; 73001 ; IBAGUÉ ; Fija ; 1 ; Humedad Relativa ; % ; 94 
 24/04/2013 05:00:00 a.m. ; CORTOLIMA ; CORTOLIMA ; Automática ; 4.433181 ; -75.211139 ; 73 ; TOLIMA ; 73001 ; IBAGUÉ ; Fija ; 1 ; Humedad Relativa ; % ; 91 
 24/04/2013 06:00:00 a.m. ; CORTOLIMA ; CORTOLIMA ; Automática ; 4.433181 ; -75.211139 ; 73 ; TOLIMA ; 73001 ; IBAGUÉ ; Fija ; 1 ; Humedad Relativa ; % ; 88 
 24/04/2013 07:00:00 a.m. ; CORTOLIMA ; CORTOLIMA ; Automática ; 4.433181 ; -75.211139 ; 73 ; TOLIMA ; 73001 ; IBAGUÉ ; Fija ; 1 ; Humedad Relativa ; % ; 88 
 24/04/2013 08:00:00 a.m. ; CORTOLIMA ; CORTOLIMA ; Automática ; 4.433181 ; -75.211139 ; 73 ; TOLIMA ; 73001 ; IBAGUÉ ; Fija ; 1 ; Humedad Relativa ; % ; 80 
 24/04/2013 09:00:00 a.m. ; CORTOLIMA ; CORTOLIMA ; Automática ; 4.433181 ; -75.211139 ; 73 ; TOLIMA ; 73001 ; IBAGUÉ ; Fija ; 1 ; Humedad Relativa ; % ; 69 
 24/04/2013 10:00:00 a.m. ; CORTOLIMA ; CORTOLIMA ; Automática ; 4.433181 ; -75.211139 ; 73 ; TOLIMA ; 73001 ; IBAGUÉ ; Fija ; 1 ; Humedad Relativa ; % ; 52 
 24/04/2013 11:00:00 a.m. ; CORTOLIMA ; CORTOLIMA ; Automática ; 4.433181 ; -75.211139 ; 73 ; TOLIMA ; 73001 ; IBAGUÉ ; Fija ; 1 ; Humedad Relativa ; % ; 68 
 24/04/2013 12:00:00 p.m. ; CORTOLIMA ; CORTOLIMA ; Automática ; 4.433181 ; -75.211139 ; 73 ; TOLIMA ; 73001 ; IBAGUÉ ; Fija ; 1 ; Humedad Relativa ; % ; 67 
 24/04/2013 01:00:00 p.m. ; CORTOLIMA ; CORTOLIMA ; Automática ; 4.433181 ; -75.211139 ; 73 ; TOLIMA ; 73001 ; IBAGUÉ ; Fija ; 1 ; Humedad Relativa ; % ; 58 
 24/04/2013 02:00:00 p.m. ; CORTOLIMA ; CORTOLIMA ; Automática ; 4.433181 ; -75.211139 ; 73 ; TOLIMA ; 73001 ; IBAGUÉ ; Fija ; 1 ; Humedad Relativa ; % ; 54 
 24/04/2013 03:00:00 p.m. ; CORTOLIMA ; CORTOLIMA ; Automática ; 4.433181 ; -75.211139 ; 73 ; TOLIMA ; 73001 ; IBAGUÉ ; Fija ; 1 ; Humedad Relativa ; % ; 45 
 24/04/2013 04:00:00 p.m. ; CORTOLIMA ; CORTOLIMA ; Automática ; 4.433181 ; -75.211139 ; 73 ; TOLIMA ; 73001 ; IBAGUÉ ; Fija ; 1 ; Humedad Relativa ; % ; 37 
 24/04/2013 05:00:00 p.m. ; CORTOLIMA ; CORTOLIMA ; Automática ; 4.433181 ; -75.211139 ; 73 ; TOLIMA ; 73001 ; IBAGUÉ ; Fija ; 1 ; Humedad Relativa ; % ; 43 
 24/04/2013 06:00:00 p.m. ; CORTOLIMA ; CORTOLIMA ; Automática ; 4.433181 ; -75.211139 ; 73 ; TOLIMA ; 73001 ; IBAGUÉ ; Fija ; 1 ; Humedad Relativa ; % ; 53 
 24/04/2013 07:00:00 p.m. ; CORTOLIMA ; CORTOLIMA ; Automática ; 4.433181 ; -75.211139 ; 73 ; TOLIMA ; 73001 ; IBAGUÉ ; Fija ; 1 ; Humedad Relativa ; % ; 56 
 24/04/2013 08:00:00 p.m. ; CORTOLIMA ; CORTOLIMA ; Automática ; 4.433181 ; -75.211139 ; 73 ; TOLIMA ; 73001 ; IBAGUÉ ; Fija ; 1 ; Humedad Relativa ; % ; 61 
 24/04/2013 09:00:00 p.m. ; CORTOLIMA ; CORTOLIMA ; Automática ; 4.433181 ; -75.211139 ; 73 ; TOLIMA ; 73001 ; IBAGUÉ ; Fija ; 1 ; Humedad Relativa ; % ; 61 
 24/04/2013 10:00:00 p.m. ; CORTOLIMA ; CORTOLIMA ; Automática ; 4.433181 ; -75.211139 ; 73 ; TOLIMA ; 73001 ; IBAGUÉ ; Fija ; 1 ; Humedad Relativa ; % ; 61 
 24/04/2013 11:00:00 p.m. ; CORTOLIMA ; CORTOLIMA ; Automática ; 4.433181 ; -75.211139 ; 73 ; TOLIMA ; 73001 ; IBAGUÉ ; Fija ; 1 ; Humedad Relativa ; % ; 64 
 25/04/2013 12:00:00 a.m. ; CORTOLIMA ; CORTOLIMA ; Automática ; 4.433181 ; -75.211139 ; 73 ; TOLIMA ; 73001 ; IBAGUÉ ; Fija ; 1 ; Humedad Relativa ; % ; 66 
 25/04/2013 01:00:00 a.m. ; CORTOLIMA ; CORTOLIMA ; Automática ; 4.433181 ; -75.211139 ; 73 ; TOLIMA ; 73001 ; IBAGUÉ ; Fija ; 1 ; Humedad Relativa ; % ; 70 
 25/04/2013 02:00:00 a.m. ; CORTOLIMA ; CORTOLIMA ; Automática ; 4.433181 ; -75.211139 ; 73 ; TOLIMA ; 73001 ; IBAGUÉ ; Fija ; 1 ; Humedad Relativa ; % ; 65 
 25/04/2013 03:00:00 a.m. ; CORTOLIMA ; CORTOLIMA ; Automática ; 4.433181 ; -75.211139 ; 73 ; TOLIMA ; 73001 ; IBAGUÉ ; Fija ; 1 ; Humedad Relativa ; % ; 65 
 25/04/2013 04:00:00 a.m. ; CORTOLIMA ; CORTOLIMA ; Automática ; 4.433181 ; -75.211139 ; 73 ; TOLIMA ; 73001 ; IBAGUÉ ; Fija ; 1 ; Humedad Relativa ; % ; 65 
 25/04/2013 05:00:00 a.m. ; CORTOLIMA ; CORTOLIMA ; Automática ; 4.433181 ; -75.211139 ; 73 ; TOLIMA ; 73001 ; IBAGUÉ ; Fija ; 1 ; Humedad Relativa ; % ; 67 
 25/04/2013 06:00:00 a.m. ; CORTOLIMA ; CORTOLIMA ; Automática ; 4.433181 ; -75.211139 ; 73 ; TOLIMA ; 73001 ; IBAGUÉ ; Fija ; 1 ; Humedad Relativa ; % ; 69 
 25/04/2013 07:00:00 a.m. ; CORTOLIMA ; CORTOLIMA ; Automática ; 4.433181 ; -75.211139 ; 73 ; TOLIMA ; 73001 ; IBAGUÉ ; Fija ; 1 ; Humedad Relativa ; % ; 63 
 25/04/2013 08:00:00 a.m. ; CORTOLIMA ; CORTOLIMA ; Automática ; 4.433181 ; -75.211139 ; 73 ; TOLIMA ; 73001 ; IBAGUÉ ; Fija ; 1 ; Humedad Relativa ; % ; 54 
 25/04/2013 09:00:00 a.m. ; CORTOLIMA ; CORTOLIMA ; Automática ; 4.433181 ; -75.211139 ; 73 ; TOLIMA ; 73001 ; IBAGUÉ ; Fija ; 1 ; Humedad Relativa ; % ; 57 
 25/04/2013 10:00:00 a.m. ; CORTOLIMA ; CORTOLIMA ; Automática ; 4.433181 ; -75.211139 ; 73 ; TOLIMA ; 73001 ; IBAGUÉ ; Fija ; 1 ; Humedad Relativa ; % ; 51 
 25/04/2013 11:00:00 a.m. ; CORTOLIMA ; CORTOLIMA ; Automática ; 4.433181 ; -75.211139 ; 73 ; TOLIMA ; 73001 ; IBAGUÉ ; Fija ; 1 ; Humedad Relativa ; % ; 54 
 25/04/2013 12:00:00 p.m. ; CORTOLIMA ; CORTOLIMA ; Automática ; 4.433181 ; -75.211139 ; 73 ; TOLIMA ; 73001 ; IBAGUÉ ; Fija ; 1 ; Humedad Relativa ; % ; 51 
 25/04/2013 01:00:00 p.m. ; CORTOLIMA ; CORTOLIMA ; Automática ; 4.433181 ; -75.211139 ; 73 ; TOLIMA ; 73001 ; IBAGUÉ ; Fija ; 1 ; Humedad Relativa ; % ; 52 
 25/04/2013 02:00:00 p.m. ; CORTOLIMA ; CORTOLIMA ; Automática ; 4.433181 ; -75.211139 ; 73 ; TOLIMA ; 73001 ; IBAGUÉ ; Fija ; 1 ; Humedad Relativa ; % ; 50 
 25/04/2013 03:00:00 p.m. ; CORTOLIMA ; CORTOLIMA ; Automática ; 4.433181 ; -75.211139 ; 73 ; TOLIMA ; 73001 ; IBAGUÉ ; Fija ; 1 ; Humedad Relativa ; % ; 46 
 25/04/2013 04:00:00 p.m. ; CORTOLIMA ; CORTOLIMA ; Automática ; 4.433181 ; -75.211139 ; 73 ; TOLIMA ; 73001 ; IBAGUÉ ; Fija ; 1 ; Humedad Relativa ; % ; 49 
 25/04/2013 05:00:00 p.m. ; CORTOLIMA ; CORTOLIMA ; Automática ; 4.433181 ; -75.211139 ; 73 ; TOLIMA ; 73001 ; IBAGUÉ ; Fija ; 1 ; Humedad Relativa ; % ; 56 
 25/04/2013 06:00:00 p.m. ; CORTOLIMA ; CORTOLIMA ; Automática ; 4.433181 ; -75.211139 ; 73 ; TOLIMA ; 73001 ; IBAGUÉ ; Fija ; 1 ; Humedad Relativa ; % ; 63 
 25/04/2013 07:00:00 p.m. ; CORTOLIMA ; CORTOLIMA ; Automática ; 4.433181 ; -75.211139 ; 73 ; TOLIMA ; 73001 ; IBAGUÉ ; Fija ; 1 ; Humedad Relativa ; % ; 69 
 25/04/2013 08:00:00 p.m. ; CORTOLIMA ; CORTOLIMA ; Automática ; 4.433181 ; -75.211139 ; 73 ; TOLIMA ; 73001 ; IBAGUÉ ; Fija ; 1 ; Humedad Relativa ; % ; 69 
 25/04/2013 09:00:00 p.m. ; CORTOLIMA ; CORTOLIMA ; Automática ; 4.433181 ; -75.211139 ; 73 ; TOLIMA ; 73001 ; IBAGUÉ ; Fija ; 1 ; Humedad Relativa ; % ; 56 
 25/04/2013 10:00:00 p.m. ; CORTOLIMA ; CORTOLIMA ; Automática ; 4.433181 ; -75.211139 ; 73 ; TOLIMA ; 73001 ; IBAGUÉ ; Fija ; 1 ; Humedad Relativa ; % ; 56 
 25/04/2013 11:00:00 p.m. ; CORTOLIMA ; CORTOLIMA ; Automática ; 4.433181 ; -75.211139 ; 73 ; TOLIMA ; 73001 ; IBAGUÉ ; Fija ; 1 ; Humedad Relativa ; % ; 54 
 26/04/2013 12:00:00 a.m. ; CORTOLIMA ; CORTOLIMA ; Automática ; 4.433181 ; -75.211139 ; 73 ; TOLIMA ; 73001 ; IBAGUÉ ; Fija ; 1 ; Humedad Relativa ; % ; 58 
 26/04/2013 01:00:00 a.m. ; CORTOLIMA ; CORTOLIMA ; Automática ; 4.433181 ; -75.211139 ; 73 ; TOLIMA ; 73001 ; IBAGUÉ ; Fija ; 1 ; Humedad Relativa ; % ; 58 
 26/04/2013 02:00:00 a.m. ; CORTOLIMA ; CORTOLIMA ; Automática ; 4.433181 ; -75.211139 ; 73 ; TOLIMA ; 73001 ; IBAGUÉ ; Fija ; 1 ; Humedad Relativa ; % ; 60 
 26/04/2013 03:00:00 a.m. ; CORTOLIMA ; CORTOLIMA ; Automática ; 4.433181 ; -75.211139 ; 73 ; TOLIMA ; 73001 ; IBAGUÉ ; Fija ; 1 ; Humedad Relativa ; % ; 59 
 26/04/2013 04:00:00 a.m. ; CORTOLIMA ; CORTOLIMA ; Automática ; 4.433181 ; -75.211139 ; 73 ; TOLIMA ; 73001 ; IBAGUÉ ; Fija ; 1 ; Humedad Relativa ; % ; 60 
 26/04/2013 05:00:00 a.m. ; CORTOLIMA ; CORTOLIMA ; Automática ; 4.433181 ; -75.211139 ; 73 ; TOLIMA ; 73001 ; IBAGUÉ ; Fija ; 1 ; Humedad Relativa ; % ; 60 
 26/04/2013 06:00:00 a.m. ; CORTOLIMA ; CORTOLIMA ; Automática ; 4.433181 ; -75.211139 ; 73 ; TOLIMA ; 73001 ; IBAGUÉ ; Fija ; 1 ; Humedad Relativa ; % ; 62 
 26/04/2013 07:00:00 a.m. ; CORTOLIMA ; CORTOLIMA ; Automática ; 4.433181 ; -75.211139 ; 73 ; TOLIMA ; 73001 ; IBAGUÉ ; Fija ; 1 ; Humedad Relativa ; % ; 64 
 26/04/2013 08:00:00 a.m. ; CORTOLIMA ; CORTOLIMA ; Automática ; 4.433181 ; -75.211139 ; 73 ; TOLIMA ; 73001 ; IBAGUÉ ; Fija ; 1 ; Humedad Relativa ; % ; 62 
 26/04/2013 09:00:00 a.m. ; CORTOLIMA ; CORTOLIMA ; Automática ; 4.433181 ; -75.211139 ; 73 ; TOLIMA ; 73001 ; IBAGUÉ ; Fija ; 1 ; Humedad Relativa ; % ; 53 
 26/04/2013 10:00:00 a.m. ; CORTOLIMA ; CORTOLIMA ; Automática ; 4.433181 ; -75.211139 ; 73 ; TOLIMA ; 73001 ; IBAGUÉ ; Fija ; 1 ; Humedad Relativa ; % ; 61 
 26/04/2013 11:00:00 a.m. ; CORTOLIMA ; CORTOLIMA ; Automática ; 4.433181 ; -75.211139 ; 73 ; TOLIMA ; 73001 ; IBAGUÉ ; Fija ; 1 ; Humedad Relativa ; % ; 62 
 26/04/2013 12:00:00 p.m. ; CORTOLIMA ; CORTOLIMA ; Automática ; 4.433181 ; -75.211139 ; 73 ; TOLIMA ; 73001 ; IBAGUÉ ; Fija ; 1 ; Humedad Relativa ; % ; 60 
 26/04/2013 01:00:00 p.m. ; CORTOLIMA ; CORTOLIMA ; Automática ; 4.433181 ; -75.211139 ; 73 ; TOLIMA ; 73001 ; IBAGUÉ ; Fija ; 1 ; Humedad Relativa ; % ; 54 
 26/04/2013 02:00:00 p.m. ; CORTOLIMA ; CORTOLIMA ; Automática ; 4.433181 ; -75.211139 ; 73 ; TOLIMA ; 73001 ; IBAGUÉ ; Fija ; 1 ; Humedad Relativa ; % ; 52 
 26/04/2013 03:00:00 p.m. ; CORTOLIMA ; CORTOLIMA ; Automática ; 4.433181 ; -75.211139 ; 73 ; TOLIMA ; 73001 ; IBAGUÉ ; Fija ; 1 ; Humedad Relativa ; % ; 55 
 26/04/2013 04:00:00 p.m. ; CORTOLIMA ; CORTOLIMA ; Automática ; 4.433181 ; -75.211139 ; 73 ; TOLIMA ; 73001 ; IBAGUÉ ; Fija ; 1 ; Humedad Relativa ; % ; 54 
 26/04/2013 05:00:00 p.m. ; CORTOLIMA ; CORTOLIMA ; Automática ; 4.433181 ; -75.211139 ; 73 ; TOLIMA ; 73001 ; IBAGUÉ ; Fija ; 1 ; Humedad Relativa ; % ; 55 
 26/04/2013 06:00:00 p.m. ; CORTOLIMA ; CORTOLIMA ; Automática ; 4.433181 ; -75.211139 ; 73 ; TOLIMA ; 73001 ; IBAGUÉ ; Fija ; 1 ; Humedad Relativa ; % ; 61 
 26/04/2013 07:00:00 p.m. ; CORTOLIMA ; CORTOLIMA ; Automática ; 4.433181 ; -75.211139 ; 73 ; TOLIMA ; 73001 ; IBAGUÉ ; Fija ; 1 ; Humedad Relativa ; % ; 67 
 26/04/2013 08:00:00 p.m. ; CORTOLIMA ; CORTOLIMA ; Automática ; 4.433181 ; -75.211139 ; 73 ; TOLIMA ; 73001 ; IBAGUÉ ; Fija ; 1 ; Humedad Relativa ; % ; 67 
 26/04/2013 09:00:00 p.m. ; CORTOLIMA ; CORTOLIMA ; Automática ; 4.433181 ; -75.211139 ; 73 ; TOLIMA ; 73001 ; IBAGUÉ ; Fija ; 1 ; Humedad Relativa ; % ; 68 
 26/04/2013 10:00:00 p.m. ; CORTOLIMA ; CORTOLIMA ; Automática ; 4.433181 ; -75.211139 ; 73 ; TOLIMA ; 73001 ; IBAGUÉ ; Fija ; 1 ; Humedad Relativa ; % ; 71 
 26/04/2013 11:00:00 p.m. ; CORTOLIMA ; CORTOLIMA ; Automática ; 4.433181 ; -75.211139 ; 73 ; TOLIMA ; 73001 ; IBAGUÉ ; Fija ; 1 ; Humedad Relativa ; % ; 74 
 27/04/2013 12:00:00 a.m. ; CORTOLIMA ; CORTOLIMA ; Automática ; 4.433181 ; -75.211139 ; 73 ; TOLIMA ; 73001 ; IBAGUÉ ; Fija ; 1 ; Humedad Relativa ; % ; 68 
 27/04/2013 01:00:00 a.m. ; CORTOLIMA ; CORTOLIMA ; Automática ; 4.433181 ; -75.211139 ; 73 ; TOLIMA ; 73001 ; IBAGUÉ ; Fija ; 1 ; Humedad Relativa ; % ; 75 
 27/04/2013 02:00:00 a.m. ; CORTOLIMA ; CORTOLIMA ; Automática ; 4.433181 ; -75.211139 ; 73 ; TOLIMA ; 73001 ; IBAGUÉ ; Fija ; 1 ; Humedad Relativa ; % ; 76 
 27/04/2013 03:00:00 a.m. ; CORTOLIMA ; CORTOLIMA ; Automática ; 4.433181 ; -75.211139 ; 73 ; TOLIMA ; 73001 ; IBAGUÉ ; Fija ; 1 ; Humedad Relativa ; % ; 78 
 27/04/2013 04:00:00 a.m. ; CORTOLIMA ; CORTOLIMA ; Automática ; 4.433181 ; -75.211139 ; 73 ; TOLIMA ; 73001 ; IBAGUÉ ; Fija ; 1 ; Humedad Relativa ; % ; 77 
 27/04/2013 05:00:00 a.m. ; CORTOLIMA ; CORTOLIMA ; Automática ; 4.433181 ; -75.211139 ; 73 ; TOLIMA ; 73001 ; IBAGUÉ ; Fija ; 1 ; Humedad Relativa ; % ; 76 
 27/04/2013 10:00:00 a.m. ; CORTOLIMA ; CORTOLIMA ; Automática ; 4.433181 ; -75.211139 ; 73 ; TOLIMA ; 73001 ; IBAGUÉ ; Fija ; 1 ; Humedad Relativa ; % ; 67 
 27/04/2013 11:00:00 a.m. ; CORTOLIMA ; CORTOLIMA ; Automática ; 4.433181 ; -75.211139 ; 73 ; TOLIMA ; 73001 ; IBAGUÉ ; Fija ; 1 ; Humedad Relativa ; % ; 70 
 27/04/2013 12:00:00 p.m. ; CORTOLIMA ; CORTOLIMA ; Automática ; 4.433181 ; -75.211139 ; 73 ; TOLIMA ; 73001 ; IBAGUÉ ; Fija ; 1 ; Humedad Relativa ; % ; 65 
 27/04/2013 01:00:00 p.m. ; CORTOLIMA ; CORTOLIMA ; Automática ; 4.433181 ; -75.211139 ; 73 ; TOLIMA ; 73001 ; IBAGUÉ ; Fija ; 1 ; Humedad Relativa ; % ; 63 
 27/04/2013 02:00:00 p.m. ; CORTOLIMA ; CORTOLIMA ; Automática ; 4.433181 ; -75.211139 ; 73 ; TOLIMA ; 73001 ; IBAGUÉ ; Fija ; 1 ; Humedad Relativa ; % ; 62 
 27/04/2013 03:00:00 p.m. ; CORTOLIMA ; CORTOLIMA ; Automática ; 4.433181 ; -75.211139 ; 73 ; TOLIMA ; 73001 ; IBAGUÉ ; Fija ; 1 ; Humedad Relativa ; % ; 63 
 27/04/2013 04:00:00 p.m. ; CORTOLIMA ; CORTOLIMA ; Automática ; 4.433181 ; -75.211139 ; 73 ; TOLIMA ; 73001 ; IBAGUÉ ; Fija ; 1 ; Humedad Relativa ; % ; 64 
 27/04/2013 05:00:00 p.m. ; CORTOLIMA ; CORTOLIMA ; Automática ; 4.433181 ; -75.211139 ; 73 ; TOLIMA ; 73001 ; IBAGUÉ ; Fija ; 1 ; Humedad Relativa ; % ; 73 
 27/04/2013 06:00:00 p.m. ; CORTOLIMA ; CORTOLIMA ; Automática ; 4.433181 ; -75.211139 ; 73 ; TOLIMA ; 73001 ; IBAGUÉ ; Fija ; 1 ; Humedad Relativa ; % ; 78 
 27/04/2013 07:00:00 p.m. ; CORTOLIMA ; CORTOLIMA ; Automática ; 4.433181 ; -75.211139 ; 73 ; TOLIMA ; 73001 ; IBAGUÉ ; Fija ; 1 ; Humedad Relativa ; % ; 77 
 27/04/2013 08:00:00 p.m. ; CORTOLIMA ; CORTOLIMA ; Automática ; 4.433181 ; -75.211139 ; 73 ; TOLIMA ; 73001 ; IBAGUÉ ; Fija ; 1 ; Humedad Relativa ; % ; 76 
 27/04/2013 09:00:00 p.m. ; CORTOLIMA ; CORTOLIMA ; Automática ; 4.433181 ; -75.211139 ; 73 ; TOLIMA ; 73001 ; IBAGUÉ ; Fija ; 1 ; Humedad Relativa ; % ; 75 
 27/04/2013 10:00:00 p.m. ; CORTOLIMA ; CORTOLIMA ; Automática ; 4.433181 ; -75.211139 ; 73 ; TOLIMA ; 73001 ; IBAGUÉ ; Fija ; 1 ; Humedad Relativa ; % ; 79 
 27/04/2013 11:00:00 p.m. ; CORTOLIMA ; CORTOLIMA ; Automática ; 4.433181 ; -75.211139 ; 73 ; TOLIMA ; 73001 ; IBAGUÉ ; Fija ; 1 ; Humedad Relativa ; % ; 84 
 28/04/2013 12:00:00 a.m. ; CORTOLIMA ; CORTOLIMA ; Automática ; 4.433181 ; -75.211139 ; 73 ; TOLIMA ; 73001 ; IBAGUÉ ; Fija ; 1 ; Humedad Relativa ; % ; 90 
 28/04/2013 01:00:00 a.m. ; CORTOLIMA ; CORTOLIMA ; Automática ; 4.433181 ; -75.211139 ; 73 ; TOLIMA ; 73001 ; IBAGUÉ ; Fija ; 1 ; Humedad Relativa ; % ; 89 
 28/04/2013 02:00:00 a.m. ; CORTOLIMA ; CORTOLIMA ; Automática ; 4.433181 ; -75.211139 ; 73 ; TOLIMA ; 73001 ; IBAGUÉ ; Fija ; 1 ; Humedad Relativa ; % ; 82 
 28/04/2013 03:00:00 a.m. ; CORTOLIMA ; CORTOLIMA ; Automática ; 4.433181 ; -75.211139 ; 73 ; TOLIMA ; 73001 ; IBAGUÉ ; Fija ; 1 ; Humedad Relativa ; % ; 79 
 28/04/2013 04:00:00 a.m. ; CORTOLIMA ; CORTOLIMA ; Automática ; 4.433181 ; -75.211139 ; 73 ; TOLIMA ; 73001 ; IBAGUÉ ; Fija ; 1 ; Humedad Relativa ; % ; 80 
 28/04/2013 05:00:00 a.m. ; CORTOLIMA ; CORTOLIMA ; Automática ; 4.433181 ; -75.211139 ; 73 ; TOLIMA ; 73001 ; IBAGUÉ ; Fija ; 1 ; Humedad Relativa ; % ; 83 
 28/04/2013 06:00:00 a.m. ; CORTOLIMA ; CORTOLIMA ; Automática ; 4.433181 ; -75.211139 ; 73 ; TOLIMA ; 73001 ; IBAGUÉ ; Fija ; 1 ; Humedad Relativa ; % ; 91 
 28/04/2013 07:00:00 a.m. ; CORTOLIMA ; CORTOLIMA ; Automática ; 4.433181 ; -75.211139 ; 73 ; TOLIMA ; 73001 ; IBAGUÉ ; Fija ; 1 ; Humedad Relativa ; % ; 76 
 28/04/2013 08:00:00 a.m. ; CORTOLIMA ; CORTOLIMA ; Automática ; 4.433181 ; -75.211139 ; 73 ; TOLIMA ; 73001 ; IBAGUÉ ; Fija ; 1 ; Humedad Relativa ; % ; 84 
 28/04/2013 09:00:00 a.m. ; CORTOLIMA ; CORTOLIMA ; Automática ; 4.433181 ; -75.211139 ; 73 ; TOLIMA ; 73001 ; IBAGUÉ ; Fija ; 1 ; Humedad Relativa ; % ; 83 
 28/04/2013 10:00:00 a.m. ; CORTOLIMA ; CORTOLIMA ; Automática ; 4.433181 ; -75.211139 ; 73 ; TOLIMA ; 73001 ; IBAGUÉ ; Fija ; 1 ; Humedad Relativa ; % ; 76 
 28/04/2013 11:00:00 a.m. ; CORTOLIMA ; CORTOLIMA ; Automática ; 4.433181 ; -75.211139 ; 73 ; TOLIMA ; 73001 ; IBAGUÉ ; Fija ; 1 ; Humedad Relativa ; % ; 69 
 28/04/2013 12:00:00 p.m. ; CORTOLIMA ; CORTOLIMA ; Automática ; 4.433181 ; -75.211139 ; 73 ; TOLIMA ; 73001 ; IBAGUÉ ; Fija ; 1 ; Humedad Relativa ; % ; 64 
 28/04/2013 01:00:00 p.m. ; CORTOLIMA ; CORTOLIMA ; Automática ; 4.433181 ; -75.211139 ; 73 ; TOLIMA ; 73001 ; IBAGUÉ ; Fija ; 1 ; Humedad Relativa ; % ; 59 
 28/04/2013 02:00:00 p.m. ; CORTOLIMA ; CORTOLIMA ; Automática ; 4.433181 ; -75.211139 ; 73 ; TOLIMA ; 73001 ; IBAGUÉ ; Fija ; 1 ; Humedad Relativa ; % ; 60 
 28/04/2013 03:00:00 p.m. ; CORTOLIMA ; CORTOLIMA ; Automática ; 4.433181 ; -75.211139 ; 73 ; TOLIMA ; 73001 ; IBAGUÉ ; Fija ; 1 ; Humedad Relativa ; % ; 64 
 28/04/2013 04:00:00 p.m. ; CORTOLIMA ; CORTOLIMA ; Automática ; 4.433181 ; -75.211139 ; 73 ; TOLIMA ; 73001 ; IBAGUÉ ; Fija ; 1 ; Humedad Relativa ; % ; 74 
 28/04/2013 05:00:00 p.m. ; CORTOLIMA ; CORTOLIMA ; Automática ; 4.433181 ; -75.211139 ; 73 ; TOLIMA ; 73001 ; IBAGUÉ ; Fija ; 1 ; Humedad Relativa ; % ; 76 
 28/04/2013 06:00:00 p.m. ; CORTOLIMA ; CORTOLIMA ; Automática ; 4.433181 ; -75.211139 ; 73 ; TOLIMA ; 73001 ; IBAGUÉ ; Fija ; 1 ; Humedad Relativa ; % ; 79 
 28/04/2013 07:00:00 p.m. ; CORTOLIMA ; CORTOLIMA ; Automática ; 4.433181 ; -75.211139 ; 73 ; TOLIMA ; 73001 ; IBAGUÉ ; Fija ; 1 ; Humedad Relativa ; % ; 79 
 28/04/2013 08:00:00 p.m. ; CORTOLIMA ; CORTOLIMA ; Automática ; 4.433181 ; -75.211139 ; 73 ; TOLIMA ; 73001 ; IBAGUÉ ; Fija ; 1 ; Humedad Relativa ; % ; 81 
 28/04/2013 09:00:00 p.m. ; CORTOLIMA ; CORTOLIMA ; Automática ; 4.433181 ; -75.211139 ; 73 ; TOLIMA ; 73001 ; IBAGUÉ ; Fija ; 1 ; Humedad Relativa ; % ; 82 
 28/04/2013 10:00:00 p.m. ; CORTOLIMA ; CORTOLIMA ; Automática ; 4.433181 ; -75.211139 ; 73 ; TOLIMA ; 73001 ; IBAGUÉ ; Fija ; 1 ; Humedad Relativa ; % ; 81 
 28/04/2013 11:00:00 p.m. ; CORTOLIMA ; CORTOLIMA ; Automática ; 4.433181 ; -75.211139 ; 73 ; TOLIMA ; 73001 ; IBAGUÉ ; Fija ; 1 ; Humedad Relativa ; % ; 88 
 29/04/2013 12:00:00 a.m. ; CORTOLIMA ; CORTOLIMA ; Automática ; 4.433181 ; -75.211139 ; 73 ; TOLIMA ; 73001 ; IBAGUÉ ; Fija ; 1 ; Humedad Relativa ; % ; 88 
 29/04/2013 01:00:00 a.m. ; CORTOLIMA ; CORTOLIMA ; Automática ; 4.433181 ; -75.211139 ; 73 ; TOLIMA ; 73001 ; IBAGUÉ ; Fija ; 1 ; Humedad Relativa ; % ; 84 
 29/04/2013 02:00:00 a.m. ; CORTOLIMA ; CORTOLIMA ; Automática ; 4.433181 ; -75.211139 ; 73 ; TOLIMA ; 73001 ; IBAGUÉ ; Fija ; 1 ; Humedad Relativa ; % ; 84 
 29/04/2013 03:00:00 a.m. ; CORTOLIMA ; CORTOLIMA ; Automática ; 4.433181 ; -75.211139 ; 73 ; TOLIMA ; 73001 ; IBAGUÉ ; Fija ; 1 ; Humedad Relativa ; % ; 87 
 29/04/2013 04:00:00 a.m. ; CORTOLIMA ; CORTOLIMA ; Automática ; 4.433181 ; -75.211139 ; 73 ; TOLIMA ; 73001 ; IBAGUÉ ; Fija ; 1 ; Humedad Relativa ; % ; 86 
 29/04/2013 05:00:00 a.m. ; CORTOLIMA ; CORTOLIMA ; Automática ; 4.433181 ; -75.211139 ; 73 ; TOLIMA ; 73001 ; IBAGUÉ ; Fija ; 1 ; Humedad Relativa ; % ; 84 
 29/04/2013 06:00:00 a.m. ; CORTOLIMA ; CORTOLIMA ; Automática ; 4.433181 ; -75.211139 ; 73 ; TOLIMA ; 73001 ; IBAGUÉ ; Fija ; 1 ; Humedad Relativa ; % ; 84 
 29/04/2013 07:00:00 a.m. ; CORTOLIMA ; CORTOLIMA ; Automática ; 4.433181 ; -75.211139 ; 73 ; TOLIMA ; 73001 ; IBAGUÉ ; Fija ; 1 ; Humedad Relativa ; % ; 87 
 29/04/2013 08:00:00 a.m. ; CORTOLIMA ; CORTOLIMA ; Automática ; 4.433181 ; -75.211139 ; 73 ; TOLIMA ; 73001 ; IBAGUÉ ; Fija ; 1 ; Humedad Relativa ; % ; 71 
 29/04/2013 09:00:00 a.m. ; CORTOLIMA ; CORTOLIMA ; Automática ; 4.433181 ; -75.211139 ; 73 ; TOLIMA ; 73001 ; IBAGUÉ ; Fija ; 1 ; Humedad Relativa ; % ; 65 
 29/04/2013 10:00:00 a.m. ; CORTOLIMA ; CORTOLIMA ; Automática ; 4.433181 ; -75.211139 ; 73 ; TOLIMA ; 73001 ; IBAGUÉ ; Fija ; 1 ; Humedad Relativa ; % ; 82 
 29/04/2013 11:00:00 a.m. ; CORTOLIMA ; CORTOLIMA ; Automática ; 4.433181 ; -75.211139 ; 73 ; TOLIMA ; 73001 ; IBAGUÉ ; Fija ; 1 ; Humedad Relativa ; % ; 73 
 29/04/2013 12:00:00 p.m. ; CORTOLIMA ; CORTOLIMA ; Automática ; 4.433181 ; -75.211139 ; 73 ; TOLIMA ; 73001 ; IBAGUÉ ; Fija ; 1 ; Humedad Relativa ; % ; 68 
 29/04/2013 01:00:00 p.m. ; CORTOLIMA ; CORTOLIMA ; Automática ; 4.433181 ; -75.211139 ; 73 ; TOLIMA ; 73001 ; IBAGUÉ ; Fija ; 1 ; Humedad Relativa ; % ; 65 
 29/04/2013 02:00:00 p.m. ; CORTOLIMA ; CORTOLIMA ; Automática ; 4.433181 ; -75.211139 ; 73 ; TOLIMA ; 73001 ; IBAGUÉ ; Fija ; 1 ; Humedad Relativa ; % ; 70 
 29/04/2013 03:00:00 p.m. ; CORTOLIMA ; CORTOLIMA ; Automática ; 4.433181 ; -75.211139 ; 73 ; TOLIMA ; 73001 ; IBAGUÉ ; Fija ; 1 ; Humedad Relativa ; % ; 72 
 29/04/2013 04:00:00 p.m. ; CORTOLIMA ; CORTOLIMA ; Automática ; 4.433181 ; -75.211139 ; 73 ; TOLIMA ; 73001 ; IBAGUÉ ; Fija ; 1 ; Humedad Relativa ; % ; 80 
 29/04/2013 05:00:00 p.m. ; CORTOLIMA ; CORTOLIMA ; Automática ; 4.433181 ; -75.211139 ; 73 ; TOLIMA ; 73001 ; IBAGUÉ ; Fija ; 1 ; Humedad Relativa ; % ; 82 
 29/04/2013 06:00:00 p.m. ; CORTOLIMA ; CORTOLIMA ; Automática ; 4.433181 ; -75.211139 ; 73 ; TOLIMA ; 73001 ; IBAGUÉ ; Fija ; 1 ; Humedad Relativa ; % ; 81 
 29/04/2013 07:00:00 p.m. ; CORTOLIMA ; CORTOLIMA ; Automática ; 4.433181 ; -75.211139 ; 73 ; TOLIMA ; 73001 ; IBAGUÉ ; Fija ; 1 ; Humedad Relativa ; % ; 82 
 29/04/2013 08:00:00 p.m. ; CORTOLIMA ; CORTOLIMA ; Automática ; 4.433181 ; -75.211139 ; 73 ; TOLIMA ; 73001 ; IBAGUÉ ; Fija ; 1 ; Humedad Relativa ; % ; 81 
 29/04/2013 09:00:00 p.m. ; CORTOLIMA ; CORTOLIMA ; Automática ; 4.433181 ; -75.211139 ; 73 ; TOLIMA ; 73001 ; IBAGUÉ ; Fija ; 1 ; Humedad Relativa ; % ; 81 
 29/04/2013 10:00:00 p.m. ; CORTOLIMA ; CORTOLIMA ; Automática ; 4.433181 ; -75.211139 ; 73 ; TOLIMA ; 73001 ; IBAGUÉ ; Fija ; 1 ; Humedad Relativa ; % ; 75 
 29/04/2013 11:00:00 p.m. ; CORTOLIMA ; CORTOLIMA ; Automática ; 4.433181 ; -75.211139 ; 73 ; TOLIMA ; 73001 ; IBAGUÉ ; Fija ; 1 ; Humedad Relativa ; % ; 80 
 30/04/2013 12:00:00 a.m. ; CORTOLIMA ; CORTOLIMA ; Automática ; 4.433181 ; -75.211139 ; 73 ; TOLIMA ; 73001 ; IBAGUÉ ; Fija ; 1 ; Humedad Relativa ; % ; 81 
 30/04/2013 01:00:00 a.m. ; CORTOLIMA ; CORTOLIMA ; Automática ; 4.433181 ; -75.211139 ; 73 ; TOLIMA ; 73001 ; IBAGUÉ ; Fija ; 1 ; Humedad Relativa ; % ; 81 
 30/04/2013 02:00:00 a.m. ; CORTOLIMA ; CORTOLIMA ; Automática ; 4.433181 ; -75.211139 ; 73 ; TOLIMA ; 73001 ; IBAGUÉ ; Fija ; 1 ; Humedad Relativa ; % ; 82 
 30/04/2013 03:00:00 a.m. ; CORTOLIMA ; CORTOLIMA ; Automática ; 4.433181 ; -75.211139 ; 73 ; TOLIMA ; 73001 ; IBAGUÉ ; Fija ; 1 ; Humedad Relativa ; % ; 79 
 30/04/2013 04:00:00 a.m. ; CORTOLIMA ; CORTOLIMA ; Automática ; 4.433181 ; -75.211139 ; 73 ; TOLIMA ; 73001 ; IBAGUÉ ; Fija ; 1 ; Humedad Relativa ; % ; 79 
 30/04/2013 05:00:00 a.m. ; CORTOLIMA ; CORTOLIMA ; Automática ; 4.433181 ; -75.211139 ; 73 ; TOLIMA ; 73001 ; IBAGUÉ ; Fija ; 1 ; Humedad Relativa ; % ; 78 
 30/04/2013 06:00:00 a.m. ; CORTOLIMA ; CORTOLIMA ; Automática ; 4.433181 ; -75.211139 ; 73 ; TOLIMA ; 73001 ; IBAGUÉ ; Fija ; 1 ; Humedad Relativa ; % ; 73 
 30/04/2013 07:00:00 a.m. ; CORTOLIMA ; CORTOLIMA ; Automática ; 4.433181 ; -75.211139 ; 73 ; TOLIMA ; 73001 ; IBAGUÉ ; Fija ; 1 ; Humedad Relativa ; % ; 60 
 30/04/2013 08:00:00 a.m. ; CORTOLIMA ; CORTOLIMA ; Automática ; 4.433181 ; -75.211139 ; 73 ; TOLIMA ; 73001 ; IBAGUÉ ; Fija ; 1 ; Humedad Relativa ; % ; 66 
 30/04/2013 09:00:00 a.m. ; CORTOLIMA ; CORTOLIMA ; Automática ; 4.433181 ; -75.211139 ; 73 ; TOLIMA ; 73001 ; IBAGUÉ ; Fija ; 1 ; Humedad Relativa ; % ; 64 
 30/04/2013 10:00:00 a.m. ; CORTOLIMA ; CORTOLIMA ; Automática ; 4.433181 ; -75.211139 ; 73 ; TOLIMA ; 73001 ; IBAGUÉ ; Fija ; 1 ; Humedad Relativa ; % ; 65 
 30/04/2013 11:00:00 a.m. ; CORTOLIMA ; CORTOLIMA ; Automática ; 4.433181 ; -75.211139 ; 73 ; TOLIMA ; 73001 ; IBAGUÉ ; Fija ; 1 ; Humedad Relativa ; % ; 62 
 30/04/2013 12:00:00 p.m. ; CORTOLIMA ; CORTOLIMA ; Automática ; 4.433181 ; -75.211139 ; 73 ; TOLIMA ; 73001 ; IBAGUÉ ; Fija ; 1 ; Humedad Relativa ; % ; 65 
 30/04/2013 01:00:00 p.m. ; CORTOLIMA ; CORTOLIMA ; Automática ; 4.433181 ; -75.211139 ; 73 ; TOLIMA ; 73001 ; IBAGUÉ ; Fija ; 1 ; Humedad Relativa ; % ; 58 
 30/04/2013 02:00:00 p.m. ; CORTOLIMA ; CORTOLIMA ; Automática ; 4.433181 ; -75.211139 ; 73 ; TOLIMA ; 73001 ; IBAGUÉ ; Fija ; 1 ; Humedad Relativa ; % ; 54 
 30/04/2013 03:00:00 p.m. ; CORTOLIMA ; CORTOLIMA ; Automática ; 4.433181 ; -75.211139 ; 73 ; TOLIMA ; 73001 ; IBAGUÉ ; Fija ; 1 ; Humedad Relativa ; % ; 44 
 30/04/2013 04:00:00 p.m. ; CORTOLIMA ; CORTOLIMA ; Automática ; 4.433181 ; -75.211139 ; 73 ; TOLIMA ; 73001 ; IBAGUÉ ; Fija ; 1 ; Humedad Relativa ; % ; 60 
 30/04/2013 05:00:00 p.m. ; CORTOLIMA ; CORTOLIMA ; Automática ; 4.433181 ; -75.211139 ; 73 ; TOLIMA ; 73001 ; IBAGUÉ ; Fija ; 1 ; Humedad Relativa ; % ; 68 
 30/04/2013 06:00:00 p.m. ; CORTOLIMA ; CORTOLIMA ; Automática ; 4.433181 ; -75.211139 ; 73 ; TOLIMA ; 73001 ; IBAGUÉ ; Fija ; 1 ; Humedad Relativa ; % ; 72 
 30/04/2013 07:00:00 p.m. ; CORTOLIMA ; CORTOLIMA ; Automática ; 4.433181 ; -75.211139 ; 73 ; TOLIMA ; 73001 ; IBAGUÉ ; Fija ; 1 ; Humedad Relativa ; % ; 74 
 30/04/2013 08:00:00 p.m. ; CORTOLIMA ; CORTOLIMA ; Automática ; 4.433181 ; -75.211139 ; 73 ; TOLIMA ; 73001 ; IBAGUÉ ; Fija ; 1 ; Humedad Relativa ; % ; 72 
 30/04/2013 09:00:00 p.m. ; CORTOLIMA ; CORTOLIMA ; Automática ; 4.433181 ; -75.211139 ; 73 ; TOLIMA ; 73001 ; IBAGUÉ ; Fija ; 1 ; Humedad Relativa ; % ; 69 
 30/04/2013 10:00:00 p.m. ; CORTOLIMA ; CORTOLIMA ; Automática ; 4.433181 ; -75.211139 ; 73 ; TOLIMA ; 73001 ; IBAGUÉ ; Fija ; 1 ; Humedad Relativa ; % ; 69 
 30/04/2013 11:00:00 p.m. ; CORTOLIMA ; CORTOLIMA ; Automática ; 4.433181 ; -75.211139 ; 73 ; TOLIMA ; 73001 ; IBAGUÉ ; Fija ; 1 ; Humedad Relativa ; % ; 68 
 01/05/2013 12:00:00 a.m. ; CORTOLIMA ; CORTOLIMA ; Automática ; 4.433181 ; -75.211139 ; 73 ; TOLIMA ; 73001 ; IBAGUÉ ; Fija ; 1 ; Humedad Relativa ; % ; 67 
 01/05/2013 01:00:00 a.m. ; CORTOLIMA ; CORTOLIMA ; Automática ; 4.433181 ; -75.211139 ; 73 ; TOLIMA ; 73001 ; IBAGUÉ ; Fija ; 1 ; Humedad Relativa ; % ; 70 
 01/05/2013 02:00:00 a.m. ; CORTOLIMA ; CORTOLIMA ; Automática ; 4.433181 ; -75.211139 ; 73 ; TOLIMA ; 73001 ; IBAGUÉ ; Fija ; 1 ; Humedad Relativa ; % ; 86 
 01/05/2013 03:00:00 a.m. ; CORTOLIMA ; CORTOLIMA ; Automática ; 4.433181 ; -75.211139 ; 73 ; TOLIMA ; 73001 ; IBAGUÉ ; Fija ; 1 ; Humedad Relativa ; % ; 86 
 01/05/2013 04:00:00 a.m. ; CORTOLIMA ; CORTOLIMA ; Automática ; 4.433181 ; -75.211139 ; 73 ; TOLIMA ; 73001 ; IBAGUÉ ; Fija ; 1 ; Humedad Relativa ; % ; 92 
 01/05/2013 05:00:00 a.m. ; CORTOLIMA ; CORTOLIMA ; Automática ; 4.433181 ; -75.211139 ; 73 ; TOLIMA ; 73001 ; IBAGUÉ ; Fija ; 1 ; Humedad Relativa ; % ; 92 
 01/05/2013 06:00:00 a.m. ; CORTOLIMA ; CORTOLIMA ; Automática ; 4.433181 ; -75.211139 ; 73 ; TOLIMA ; 73001 ; IBAGUÉ ; Fija ; 1 ; Humedad Relativa ; % ; 91 
 01/05/2013 07:00:00 a.m. ; CORTOLIMA ; CORTOLIMA ; Automática ; 4.433181 ; -75.211139 ; 73 ; TOLIMA ; 73001 ; IBAGUÉ ; Fija ; 1 ; Humedad Relativa ; % ; 87 
 01/05/2013 08:00:00 a.m. ; CORTOLIMA ; CORTOLIMA ; Automática ; 4.433181 ; -75.211139 ; 73 ; TOLIMA ; 73001 ; IBAGUÉ ; Fija ; 1 ; Humedad Relativa ; % ; 88 
 01/05/2013 09:00:00 a.m. ; CORTOLIMA ; CORTOLIMA ; Automática ; 4.433181 ; -75.211139 ; 73 ; TOLIMA ; 73001 ; IBAGUÉ ; Fija ; 1 ; Humedad Relativa ; % ; 85 
 01/05/2013 10:00:00 a.m. ; CORTOLIMA ; CORTOLIMA ; Automática ; 4.433181 ; -75.211139 ; 73 ; TOLIMA ; 73001 ; IBAGUÉ ; Fija ; 1 ; Humedad Relativa ; % ; 68 
 01/05/2013 11:00:00 a.m. ; CORTOLIMA ; CORTOLIMA ; Automática ; 4.433181 ; -75.211139 ; 73 ; TOLIMA ; 73001 ; IBAGUÉ ; Fija ; 1 ; Humedad Relativa ; % ; 61 
 01/05/2013 12:00:00 p.m. ; CORTOLIMA ; CORTOLIMA ; Automática ; 4.433181 ; -75.211139 ; 73 ; TOLIMA ; 73001 ; IBAGUÉ ; Fija ; 1 ; Humedad Relativa ; % ; 67 
 01/05/2013 01:00:00 p.m. ; CORTOLIMA ; CORTOLIMA ; Automática ; 4.433181 ; -75.211139 ; 73 ; TOLIMA ; 73001 ; IBAGUÉ ; Fija ; 1 ; Humedad Relativa ; % ; 66 
 01/05/2013 02:00:00 p.m. ; CORTOLIMA ; CORTOLIMA ; Automática ; 4.433181 ; -75.211139 ; 73 ; TOLIMA ; 73001 ; IBAGUÉ ; Fija ; 1 ; Humedad Relativa ; % ; 77 
 01/05/2013 03:00:00 p.m. ; CORTOLIMA ; CORTOLIMA ; Automática ; 4.433181 ; -75.211139 ; 73 ; TOLIMA ; 73001 ; IBAGUÉ ; Fija ; 1 ; Humedad Relativa ; % ; 81 
 01/05/2013 04:00:00 p.m. ; CORTOLIMA ; CORTOLIMA ; Automática ; 4.433181 ; -75.211139 ; 73 ; TOLIMA ; 73001 ; IBAGUÉ ; Fija ; 1 ; Humedad Relativa ; % ; 82 
 01/05/2013 05:00:00 p.m. ; CORTOLIMA ; CORTOLIMA ; Automática ; 4.433181 ; -75.211139 ; 73 ; TOLIMA ; 73001 ; IBAGUÉ ; Fija ; 1 ; Humedad Relativa ; % ; 87 
 01/05/2013 06:00:00 p.m. ; CORTOLIMA ; CORTOLIMA ; Automática ; 4.433181 ; -75.211139 ; 73 ; TOLIMA ; 73001 ; IBAGUÉ ; Fija ; 1 ; Humedad Relativa ; % ; 86 
 01/05/2013 07:00:00 p.m. ; CORTOLIMA ; CORTOLIMA ; Automática ; 4.433181 ; -75.211139 ; 73 ; TOLIMA ; 73001 ; IBAGUÉ ; Fija ; 1 ; Humedad Relativa ; % ; 84 
 01/05/2013 08:00:00 p.m. ; CORTOLIMA ; CORTOLIMA ; Automática ; 4.433181 ; -75.211139 ; 73 ; TOLIMA ; 73001 ; IBAGUÉ ; Fija ; 1 ; Humedad Relativa ; % ; 78 
 01/05/2013 09:00:00 p.m. ; CORTOLIMA ; CORTOLIMA ; Automática ; 4.433181 ; -75.211139 ; 73 ; TOLIMA ; 73001 ; IBAGUÉ ; Fija ; 1 ; Humedad Relativa ; % ; 80 
 01/05/2013 10:00:00 p.m. ; CORTOLIMA ; CORTOLIMA ; Automática ; 4.433181 ; -75.211139 ; 73 ; TOLIMA ; 73001 ; IBAGUÉ ; Fija ; 1 ; Humedad Relativa ; % ; 85 
 01/05/2013 11:00:00 p.m. ; CORTOLIMA ; CORTOLIMA ; Automática ; 4.433181 ; -75.211139 ; 73 ; TOLIMA ; 73001 ; IBAGUÉ ; Fija ; 1 ; Humedad Relativa ; % ; 85 
 02/05/2013 12:00:00 a.m. ; CORTOLIMA ; CORTOLIMA ; Automática ; 4.433181 ; -75.211139 ; 73 ; TOLIMA ; 73001 ; IBAGUÉ ; Fija ; 1 ; Humedad Relativa ; % ; 88 
 02/05/2013 01:00:00 a.m. ; CORTOLIMA ; CORTOLIMA ; Automática ; 4.433181 ; -75.211139 ; 73 ; TOLIMA ; 73001 ; IBAGUÉ ; Fija ; 1 ; Humedad Relativa ; % ; 91 
 02/05/2013 02:00:00 a.m. ; CORTOLIMA ; CORTOLIMA ; Automática ; 4.433181 ; -75.211139 ; 73 ; TOLIMA ; 73001 ; IBAGUÉ ; Fija ; 1 ; Humedad Relativa ; % ; 92 
 02/05/2013 03:00:00 a.m. ; CORTOLIMA ; CORTOLIMA ; Automática ; 4.433181 ; -75.211139 ; 73 ; TOLIMA ; 73001 ; IBAGUÉ ; Fija ; 1 ; Humedad Relativa ; % ; 87 
 02/05/2013 04:00:00 a.m. ; CORTOLIMA ; CORTOLIMA ; Automática ; 4.433181 ; -75.211139 ; 73 ; TOLIMA ; 73001 ; IBAGUÉ ; Fija ; 1 ; Humedad Relativa ; % ; 90 
 02/05/2013 05:00:00 a.m. ; CORTOLIMA ; CORTOLIMA ; Automática ; 4.433181 ; -75.211139 ; 73 ; TOLIMA ; 73001 ; IBAGUÉ ; Fija ; 1 ; Humedad Relativa ; % ; 93 
 02/05/2013 06:00:00 a.m. ; CORTOLIMA ; CORTOLIMA ; Automática ; 4.433181 ; -75.211139 ; 73 ; TOLIMA ; 73001 ; IBAGUÉ ; Fija ; 1 ; Humedad Relativa ; % ; 90 
